Id,Amount,From,To
1,192.4,58,31
2,88.9,43,63
3,192.4,58,61
4,300.5,93,88
5,195.5,58,38
6,291.8,90,17
7,205.7,58,54
8,302.8,70,94
9,90.4,46,73
10,306.3,93,88
11,174.7,58,67
12,118.6,72,41
13,106.4,46,55
14,183.8,58,66
15,296.5,46,59
16,296.5,46,30
17,186.3,58,81
18,75.2,46,66
19,213.7,58,5
20,192.6,58,43
21,330.6,79,76
22,100.6,70,94
23,111.8,70,94
24,294.2,43,63
25,193.8,58,11
26,95.9,82,40
27,197.6,58,79
28,106.1,70,94
29,98.0,46,30
30,215.6,58,32
31,104.8,82,40
32,199.7,58,67
33,89.6,46,73
34,182.1,58,5
35,86.3,72,41
36,299.3,40,49
37,287.7,16,81
38,209.2,58,12
39,186.4,58,12
40,296.1,46,4
41,92.0,46,59
42,82.1,46,30
43,105.0,46,66
44,176.3,58,27
45,197.1,58,79
46,301.0,64,67
47,97.2,72,41
48,295.0,46,59
49,90.8,46,66
50,299.8,46,59
51,97.2,46,55
52,102.3,90,17
53,193.2,58,19
54,192.5,58,79
55,284.6,46,4
56,290.1,46,68
57,107.1,46,59
58,106.0,16,81
59,102.8,46,34
60,93.7,46,73
61,103.7,82,40
62,176.0,58,38
63,300.3,93,88
64,209.4,58,12
65,105.8,43,63
66,297.8,46,34
67,320.7,70,94
68,110.5,46,59
69,194.5,58,38
70,89.4,84,18
71,201.5,58,12
72,202.8,58,12
73,213.4,58,31
74,120.3,46,30
75,84.7,46,55
76,84.2,46,34
77,316.0,79,76
78,314.5,40,49
79,95.4,46,59
80,277.9,43,63
81,108.9,40,49
82,102.6,46,30
83,86.4,90,17
84,300.1,90,17
85,92.8,93,88
86,196.9,58,12
87,292.6,72,41
88,292.4,16,81
89,95.6,40,49
90,116.8,84,18
91,194.3,58,79
92,106.6,64,67
93,202.6,58,32
94,88.6,84,18
95,307.9,16,81
96,99.8,90,17
97,195.9,58,32
98,288.9,79,76
99,179.9,58,82
100,304.4,40,49
101,232.0,58,32
102,314.9,70,94
103,202.2,58,54
104,204.1,58,81
105,118.1,72,41
106,304.9,16,81
107,292.2,46,68
108,194.7,58,12
109,108.9,64,67
110,289.5,64,67
111,290.3,79,76
112,206.0,58,12
113,104.3,40,49
114,117.4,46,55
115,188.8,58,60
116,208.1,58,61
117,190.1,58,66
118,305.7,46,73
119,80.7,79,76
120,206.5,58,45
121,316.8,93,88
122,110.7,46,73
123,193.3,58,66
124,99.8,46,4
125,309.3,46,30
126,304.8,46,68
127,305.8,82,40
128,304.0,46,7
129,182.1,58,11
130,92.3,46,59
131,310.0,46,4
132,310.2,46,73
133,112.1,40,49
134,197.1,58,66
135,112.6,46,30
136,288.8,46,73
137,210.1,58,11
138,196.8,58,79
139,101.0,46,7
140,181.1,58,38
141,96.5,46,7
142,201.2,58,12
143,314.6,46,59
144,95.9,40,49
145,111.0,46,55
146,311.1,46,4
147,94.0,16,81
148,194.2,58,66
149,86.3,46,4
150,193.5,58,67
151,92.9,46,55
152,203.0,58,38
153,320.2,82,40
154,188.7,58,81
155,204.0,58,11
156,113.6,84,18
157,312.8,46,4
158,218.6,58,19
159,108.1,46,55
160,289.7,46,73
161,194.7,58,79
162,112.1,64,67
163,308.2,93,88
164,299.5,46,34
165,92.0,64,67
166,214.7,58,66
167,302.1,93,88
168,108.2,16,81
169,297.0,46,34
170,298.5,70,94
171,94.2,46,66
172,310.7,79,76
173,292.9,90,17
174,190.8,58,43
175,214.6,58,87
176,93.9,46,7
177,98.3,46,4
178,299.7,46,55
179,303.5,72,41
180,315.0,84,18
181,309.3,46,4
182,106.0,16,81
183,195.5,58,12
184,104.7,46,7
185,316.2,70,94
186,289.9,40,49
187,223.7,58,27
188,287.0,46,7
189,299.2,84,18
190,298.5,70,94
191,309.7,16,81
192,281.2,16,81
193,84.3,79,76
194,297.1,46,73
195,277.2,84,18
196,203.8,58,67
197,75.4,46,4
198,88.4,40,49
199,115.1,46,68
200,201.0,58,5
201,102.4,46,7
202,285.6,90,17
203,291.4,46,59
204,203.9,58,32
205,107.1,40,49
206,85.2,46,66
207,118.5,46,4
208,197.4,58,66
209,115.6,46,68
210,107.4,16,81
211,106.2,90,17
212,194.8,58,60
213,123.7,93,88
214,210.1,58,38
215,200.2,58,60
216,292.6,46,7
217,203.1,58,27
218,194.0,58,61
219,105.7,46,34
220,95.9,16,81
221,106.8,16,81
222,292.2,82,40
223,210.3,58,27
224,299.8,46,66
225,91.4,46,30
226,300.6,64,67
227,300.5,43,63
228,189.3,58,79
229,204.3,58,81
230,198.0,58,31
231,213.8,58,60
232,94.6,70,94
233,94.1,43,63
234,296.3,43,63
235,309.2,46,73
236,209.3,58,11
237,205.6,58,81
238,298.9,64,67
239,293.5,82,40
240,89.5,46,68
241,201.0,58,43
242,291.6,90,17
243,308.3,46,66
244,88.0,64,67
245,288.8,82,40
246,94.2,90,17
247,97.6,16,81
248,100.9,64,67
249,193.9,58,45
250,309.1,46,59
251,299.5,46,7
252,105.7,46,66
253,307.4,82,40
254,302.4,43,63
255,305.3,72,41
256,211.7,58,12
257,199.3,58,81
258,102.2,46,4
259,95.6,70,94
260,97.4,46,73
261,194.1,58,82
262,202.3,58,61
263,291.5,84,18
264,103.0,90,17
265,100.7,70,94
266,313.4,16,81
267,209.5,58,81
268,298.3,16,81
269,193.9,58,38
270,95.7,46,7
271,222.0,58,87
272,100.2,64,67
273,283.0,46,7
274,306.8,64,67
275,92.6,40,49
276,307.7,79,76
277,280.7,46,30
278,305.8,46,30
279,202.7,58,45
280,87.6,90,17
281,304.8,90,17
282,98.9,84,18
283,298.9,40,49
284,202.5,58,66
285,204.4,58,32
286,309.1,46,30
287,75.5,82,40
288,289.1,93,88
289,208.2,58,67
290,198.5,58,5
291,90.3,70,94
292,309.4,82,40
293,201.2,58,82
294,106.1,72,41
295,107.7,93,88
296,191.2,58,54
297,203.2,58,32
298,102.0,82,40
299,107.4,46,68
300,287.6,46,73
301,291.6,46,7
302,287.9,79,76
303,287.7,40,49
304,300.3,82,40
305,318.6,46,4
306,306.6,40,49
307,202.1,58,45
308,198.0,58,31
309,195.0,58,82
310,195.7,58,5
311,198.8,58,38
312,295.4,93,88
313,94.9,70,94
314,206.0,58,32
315,272.7,46,7
316,185.8,58,61
317,89.1,46,55
318,305.6,79,76
319,198.3,58,86
320,205.9,58,87
321,207.3,58,82
322,199.2,58,11
323,215.4,58,5
324,97.9,70,94
325,195.9,58,60
326,106.4,70,94
327,188.9,58,19
328,316.6,72,41
329,208.5,58,31
330,96.1,93,88
331,98.0,46,4
332,88.3,46,73
333,288.2,82,40
334,296.4,46,68
335,126.0,90,17
336,195.4,58,12
337,290.6,46,7
338,89.6,46,30
339,107.4,46,73
340,294.3,46,30
341,284.9,70,94
342,200.4,58,32
343,90.4,82,40
344,195.0,58,11
345,295.6,46,73
346,103.7,43,63
347,304.5,64,67
348,287.8,46,66
349,293.7,46,4
350,198.6,58,27
351,100.8,46,34
352,308.3,46,68
353,112.0,46,7
354,314.3,46,30
355,94.5,82,40
356,95.8,72,41
357,315.2,46,55
358,215.1,58,31
359,99.7,84,18
360,205.1,58,19
361,101.6,46,55
362,300.6,90,17
363,87.2,46,68
364,207.0,58,45
365,112.0,64,67
366,209.8,58,32
367,112.7,93,88
368,194.3,58,11
369,85.5,93,88
370,291.1,82,40
371,83.5,46,55
372,124.3,84,18
373,205.9,58,67
374,303.2,82,40
375,98.8,43,63
376,298.3,82,40
377,195.4,58,67
378,94.6,72,41
379,95.6,46,55
380,197.5,58,81
381,196.0,58,11
382,193.2,58,45
383,298.4,46,34
384,105.0,43,63
385,216.0,58,5
386,316.0,82,40
387,295.1,16,81
388,96.7,70,94
389,105.8,46,59
390,287.5,46,55
391,280.2,46,7
392,87.4,46,68
393,191.2,58,61
394,100.4,46,59
395,185.4,58,67
396,96.6,43,63
397,108.1,43,63
398,211.3,58,38
399,103.5,93,88
400,98.9,16,81
401,203.7,58,5
402,103.4,16,81
403,302.5,46,30
404,304.7,16,81
405,107.0,46,66
406,314.9,82,40
407,203.8,58,27
408,89.7,64,67
409,187.6,58,60
410,176.9,58,43
411,300.8,79,76
412,191.8,58,86
413,209.5,58,86
414,214.3,58,66
415,289.2,90,17
416,189.9,58,38
417,308.1,79,76
418,103.7,16,81
419,293.2,82,40
420,197.3,58,79
421,98.0,64,67
422,315.9,46,4
423,292.8,72,41
424,304.5,46,55
425,105.7,72,41
426,215.6,58,86
427,203.5,58,81
428,123.0,46,66
429,208.5,58,27
430,84.9,43,63
431,224.1,58,86
432,95.5,82,40
433,96.6,46,7
434,105.6,16,81
435,204.1,58,19
436,200.5,58,31
437,195.2,58,87
438,90.4,46,66
439,292.8,82,40
440,102.0,64,67
441,94.3,46,4
442,282.6,82,40
443,95.4,70,94
444,105.4,46,66
445,75.9,64,67
446,194.1,58,45
447,304.0,40,49
448,111.3,64,67
449,199.3,58,60
450,308.8,46,55
451,206.8,58,19
452,109.5,84,18
453,196.6,58,31
454,303.4,46,59
455,92.4,46,73
456,195.2,58,12
457,200.4,58,27
458,208.7,58,11
459,310.7,93,88
460,101.7,93,88
461,304.6,46,55
462,310.3,16,81
463,97.3,82,40
464,300.4,93,88
465,308.5,79,76
466,293.8,90,17
467,209.6,58,66
468,178.2,58,66
469,190.9,58,27
470,299.0,64,67
471,309.6,46,30
472,212.2,58,5
473,191.6,58,86
474,103.0,72,41
475,105.9,46,66
476,313.5,93,88
477,103.8,46,30
478,91.9,46,68
479,94.0,72,41
480,311.9,70,94
481,203.3,58,31
482,205.4,58,31
483,89.9,46,73
484,98.7,84,18
485,213.6,58,87
486,195.0,58,54
487,299.3,93,88
488,112.1,84,18
489,302.7,64,67
490,211.7,58,32
491,113.4,46,59
492,205.4,58,67
493,190.0,58,12
494,310.2,46,4
495,312.4,43,63
496,92.2,46,4
497,291.3,93,88
498,96.6,46,59
499,202.8,58,87
500,100.1,70,94
501,308.0,46,55
502,298.1,46,55
503,101.9,16,81
504,303.8,16,81
505,112.2,46,55
506,308.8,46,30
507,197.2,58,79
508,212.4,58,87
509,110.3,79,76
510,96.0,46,59
511,102.4,16,81
512,105.7,79,76
513,193.0,58,54
514,100.4,70,94
515,178.0,58,66
516,120.8,72,41
517,113.1,46,59
518,200.9,58,87
519,204.5,58,60
520,85.9,79,76
521,191.9,58,19
522,99.8,46,55
523,95.0,82,40
524,300.3,46,66
525,298.4,82,40
526,95.3,46,34
527,187.4,58,82
528,94.2,46,7
529,215.2,58,54
530,311.8,40,49
531,301.3,40,49
532,192.1,58,54
533,193.9,58,67
534,298.4,43,63
535,292.0,79,76
536,196.3,58,12
537,198.3,58,66
538,304.1,46,66
539,299.0,46,7
540,200.1,58,81
541,282.8,84,18
542,220.8,58,19
543,310.4,93,88
544,200.5,58,82
545,304.8,46,34
546,198.2,58,87
547,189.7,58,43
548,98.9,46,30
549,281.4,40,49
550,104.6,46,73
551,310.2,64,67
552,282.0,46,59
553,193.4,58,66
554,303.4,46,7
555,90.5,43,63
556,105.8,40,49
557,87.7,40,49
558,215.5,58,87
559,90.3,90,17
560,90.1,46,30
561,292.1,46,59
562,96.5,46,66
563,304.8,46,73
564,77.5,72,41
565,100.1,64,67
566,297.7,82,40
567,201.4,58,66
568,302.3,46,68
569,318.7,84,18
570,91.5,84,18
571,290.4,64,67
572,77.7,93,88
573,204.7,58,19
574,184.2,58,27
575,107.5,72,41
576,297.5,93,88
577,79.4,72,41
578,314.0,82,40
579,98.7,16,81
580,93.7,46,59
581,293.0,46,30
582,311.9,40,49
583,88.4,46,68
584,80.4,79,76
585,105.8,46,4
586,108.8,46,34
587,210.6,58,5
588,92.4,46,59
589,284.5,82,40
590,95.1,46,34
591,312.8,64,67
592,317.6,46,68
593,301.3,64,67
594,205.2,58,27
595,194.4,58,66
596,208.9,58,82
597,119.5,79,76
598,107.1,46,55
599,207.2,58,66
600,304.9,16,81
601,194.5,58,27
602,97.4,16,81
603,197.9,58,87
604,176.6,58,12
605,315.1,46,7
606,313.5,93,88
607,209.0,58,66
608,89.9,16,81
609,309.2,46,59
610,202.7,58,66
611,89.5,46,4
612,212.4,58,27
613,88.2,72,41
614,294.6,46,55
615,105.2,46,59
616,195.0,58,82
617,98.7,46,7
618,291.1,82,40
619,103.5,46,30
620,102.9,46,68
621,92.1,93,88
622,113.6,43,63
623,90.3,46,73
624,302.4,46,73
625,304.3,70,94
626,81.9,84,18
627,100.7,79,76
628,109.6,40,49
629,298.4,64,67
630,189.4,58,79
631,204.0,58,67
632,100.9,46,59
633,203.4,58,82
634,304.1,46,73
635,105.9,46,7
636,312.7,46,73
637,304.9,46,66
638,215.8,58,19
639,75.5,84,18
640,82.4,82,40
641,310.0,79,76
642,212.7,58,11
643,294.3,46,59
644,307.8,90,17
645,92.2,46,66
646,133.1,46,55
647,94.4,46,66
648,105.2,84,18
649,195.7,58,31
650,95.2,46,34
651,192.5,58,31
652,99.2,46,34
653,285.2,46,34
654,197.9,58,86
655,104.5,93,88
656,189.9,58,31
657,294.2,43,63
658,295.4,46,7
659,204.6,58,61
660,299.9,46,66
661,86.7,16,81
662,111.9,40,49
663,117.2,46,55
664,302.9,46,7
665,306.8,90,17
666,318.5,46,34
667,201.3,58,38
668,307.4,46,4
669,187.0,58,60
670,187.5,58,87
671,291.0,46,4
672,103.8,46,73
673,193.0,58,79
674,189.7,58,67
675,216.9,58,38
676,310.2,84,18
677,303.4,93,88
678,199.4,58,86
679,209.9,58,43
680,107.5,46,34
681,288.0,82,40
682,210.0,58,79
683,295.8,16,81
684,90.4,82,40
685,285.7,46,66
686,93.4,82,40
687,105.9,46,7
688,108.8,79,76
689,294.9,16,81
690,286.4,46,4
691,281.8,46,55
692,125.8,16,81
693,302.2,43,63
694,300.4,46,7
695,305.0,82,40
696,210.7,58,82
697,292.2,46,73
698,98.8,46,4
699,281.7,64,67
700,94.0,40,49
701,198.2,58,67
702,285.5,93,88
703,120.1,46,4
704,86.9,46,59
705,208.6,58,54
706,201.9,58,86
707,76.9,64,67
708,300.0,64,67
709,298.1,79,76
710,212.5,58,43
711,178.3,58,31
712,212.5,58,11
713,200.1,58,66
714,91.4,72,41
715,208.2,58,31
716,190.0,58,86
717,325.9,72,41
718,108.9,84,18
719,209.5,58,12
720,111.8,82,40
721,203.8,58,45
722,96.7,79,76
723,93.8,90,17
724,89.1,93,88
725,307.4,46,73
726,227.5,58,43
727,99.7,64,67
728,202.8,58,38
729,106.3,82,40
730,205.8,58,60
731,95.2,46,34
732,192.3,58,67
733,198.5,58,66
734,186.9,58,54
735,207.1,58,82
736,204.5,58,81
737,186.2,58,19
738,195.4,58,54
739,193.5,58,38
740,196.3,58,79
741,191.6,58,66
742,300.1,46,59
743,188.0,58,86
744,313.3,46,55
745,205.3,58,87
746,99.5,46,59
747,195.9,58,81
748,291.7,46,7
749,99.8,46,68
750,117.2,40,49
751,215.0,58,32
752,105.9,46,66
753,92.5,46,73
754,205.8,58,54
755,209.2,58,87
756,198.5,58,81
757,200.3,58,32
758,295.0,90,17
759,193.8,58,12
760,292.8,72,41
761,191.9,58,12
762,300.1,90,17
763,108.6,16,81
764,291.9,46,68
765,102.8,72,41
766,292.6,46,66
767,96.8,72,41
768,94.3,72,41
769,207.2,58,86
770,305.4,46,59
771,216.4,58,43
772,84.2,70,94
773,197.9,58,60
774,219.4,58,32
775,94.7,72,41
776,83.6,82,40
777,111.6,64,67
778,205.3,58,61
779,97.2,93,88
780,288.1,46,55
781,308.9,79,76
782,207.2,58,38
783,102.1,46,59
784,204.1,58,81
785,105.3,82,40
786,212.7,58,32
787,95.1,46,73
788,136.7,46,68
789,287.1,46,68
790,307.1,90,17
791,100.2,46,55
792,106.2,46,7
793,281.6,46,7
794,89.5,43,63
795,198.7,58,45
796,314.5,93,88
797,304.4,46,55
798,77.5,46,73
799,100.4,46,73
800,101.2,46,7
801,85.9,46,7
802,190.7,58,60
803,93.1,79,76
804,297.9,46,30
805,104.1,46,68
806,96.5,82,40
807,217.3,58,5
808,311.0,46,73
809,182.7,58,45
810,189.0,58,45
811,295.3,46,34
812,104.3,46,68
813,106.4,46,73
814,194.7,58,82
815,211.5,58,66
816,99.5,46,68
817,307.6,46,4
818,318.6,46,34
819,194.5,58,27
820,298.9,46,66
821,181.4,58,54
822,99.4,46,4
823,109.6,46,7
824,186.6,58,12
825,207.6,58,43
826,294.5,46,34
827,207.8,58,60
828,184.9,58,60
829,201.1,58,38
830,122.1,40,49
831,79.1,72,41
832,170.0,58,67
833,103.6,46,34
834,192.2,58,79
835,116.3,79,76
836,315.1,82,40
837,111.2,46,4
838,297.4,43,63
839,282.0,46,59
840,69.3,46,4
841,305.2,46,66
842,196.9,58,5
843,304.7,82,40
844,96.1,43,63
845,179.5,58,11
846,291.6,70,94
847,83.5,46,30
848,197.2,58,60
849,301.4,46,7
850,296.1,16,81
851,293.7,46,66
852,119.1,90,17
853,87.8,40,49
854,122.6,46,55
855,94.6,46,34
856,295.0,64,67
857,113.6,46,7
858,289.5,93,88
859,196.5,58,43
860,291.8,46,55
861,211.2,58,66
862,212.5,58,38
863,101.3,90,17
864,126.0,40,49
865,268.1,46,34
866,191.9,58,43
867,316.8,72,41
868,307.9,46,66
869,300.9,40,49
870,291.6,90,17
871,94.7,40,49
872,308.3,79,76
873,297.5,46,73
874,190.7,58,87
875,283.6,46,30
876,289.6,84,18
877,111.5,43,63
878,299.2,46,59
879,322.4,16,81
880,102.1,46,4
881,94.0,64,67
882,194.1,58,67
883,217.1,58,81
884,89.5,40,49
885,281.4,40,49
886,301.2,46,59
887,187.6,58,82
888,303.8,64,67
889,211.0,58,32
890,286.6,70,94
891,183.9,58,27
892,86.0,90,17
893,305.1,40,49
894,84.5,64,67
895,108.1,46,73
896,85.5,46,66
897,305.5,84,18
898,192.9,58,31
899,195.4,58,61
900,197.9,58,32
901,275.7,93,88
902,199.7,58,43
903,113.6,46,66
904,203.0,58,12
905,323.3,46,4
906,107.5,46,34
907,301.4,40,49
908,216.4,58,38
909,181.2,58,5
910,194.5,58,12
911,193.7,58,43
912,325.1,16,81
913,305.6,46,4
914,103.2,90,17
915,298.3,46,34
916,284.6,46,66
917,108.6,46,59
918,94.3,93,88
919,295.7,46,66
920,300.9,43,63
921,298.8,70,94
922,85.8,46,68
923,300.9,46,73
924,322.7,70,94
925,91.3,46,34
926,114.7,93,88
927,181.4,58,87
928,302.8,46,59
929,309.3,64,67
930,106.4,46,7
931,286.2,64,67
932,91.5,46,59
933,218.0,58,81
934,276.4,46,30
935,197.1,58,60
936,102.8,79,76
937,309.4,90,17
938,301.8,46,7
939,190.7,58,82
940,306.0,70,94
941,104.5,46,30
942,298.7,43,63
943,213.1,58,79
944,287.2,46,59
945,216.6,58,45
946,299.2,46,73
947,100.0,64,67
948,297.7,93,88
949,306.7,93,88
950,93.9,46,7
951,201.1,58,67
952,207.4,58,43
953,101.3,46,73
954,97.7,70,94
955,289.3,93,88
956,202.0,58,12
957,107.1,90,17
958,303.8,46,68
959,102.3,46,59
960,100.0,46,59
961,293.3,46,55
962,309.7,46,7
963,203.9,58,60
964,291.1,70,94
965,89.1,46,73
966,190.0,58,19
967,292.4,93,88
968,100.4,40,49
969,84.6,70,94
970,303.6,79,76
971,308.2,46,73
972,83.2,79,76
973,101.1,46,68
974,92.2,70,94
975,114.1,46,30
976,89.5,16,81
977,194.3,58,67
978,204.1,58,5
979,220.3,58,27
980,279.3,64,67
981,100.6,84,18
982,312.8,82,40
983,310.4,46,34
984,225.9,58,82
985,98.7,16,81
986,301.3,93,88
987,188.8,58,67
988,292.7,46,34
989,197.5,58,38
990,327.6,46,73
991,104.1,82,40
992,284.5,93,88
993,303.3,84,18
994,210.3,58,60
995,107.3,46,55
996,202.1,58,66
997,283.3,46,59
998,202.9,58,82
999,301.3,84,18
1000,213.2,58,45
1001,198.8,58,27
1002,309.5,93,88
1003,303.3,46,30
1004,273.2,16,81
1005,316.8,46,30
1006,105.8,93,88
1007,204.3,58,31
1008,102.4,46,7
1009,211.4,58,38
1010,196.6,58,31
1011,211.8,58,86
1012,315.4,90,17
1013,105.0,40,49
1014,203.7,58,67
1015,83.7,82,40
1016,193.3,58,60
1017,195.1,58,12
1018,307.8,64,67
1019,72.3,70,94
1020,108.1,40,49
1021,279.9,72,41
1022,287.6,46,66
1023,71.2,46,68
1024,103.2,90,17
1025,309.2,46,4
1026,118.7,40,49
1027,321.5,70,94
1028,194.6,58,19
1029,309.7,46,66
1030,312.5,46,55
1031,95.3,93,88
1032,106.9,46,68
1033,293.1,43,63
1034,110.1,46,34
1035,198.5,58,79
1036,98.2,70,94
1037,299.1,16,81
1038,115.0,46,4
1039,117.8,46,34
1040,294.0,93,88
1041,104.7,46,7
1042,203.5,58,5
1043,90.4,46,34
1044,306.3,84,18
1045,114.0,46,4
1046,187.3,58,86
1047,301.7,93,88
1048,303.6,16,81
1049,297.3,64,67
1050,95.5,90,17
1051,197.7,58,54
1052,314.1,93,88
1053,194.4,58,43
1054,307.9,40,49
1055,199.4,58,27
1056,193.7,58,79
1057,112.5,46,4
1058,97.2,40,49
1059,103.9,84,18
1060,292.6,16,81
1061,291.8,64,67
1062,316.3,43,63
1063,218.3,58,54
1064,104.8,46,59
1065,284.7,43,63
1066,186.2,58,87
1067,301.3,72,41
1068,289.6,72,41
1069,200.6,58,38
1070,285.3,40,49
1071,94.6,40,49
1072,297.3,43,63
1073,296.3,93,88
1074,101.1,72,41
1075,211.0,58,11
1076,290.5,90,17
1077,113.1,82,40
1078,286.8,16,81
1079,192.9,58,81
1080,196.6,58,12
1081,286.6,46,68
1082,298.6,84,18
1083,189.9,58,45
1084,94.0,46,59
1085,204.2,58,38
1086,102.7,90,17
1087,107.2,46,68
1088,296.7,46,30
1089,204.1,58,11
1090,214.9,58,87
1091,205.0,58,67
1092,104.1,70,94
1093,212.4,58,43
1094,306.3,46,34
1095,291.8,72,41
1096,296.2,72,41
1097,100.1,64,67
1098,315.0,43,63
1099,91.8,46,30
1100,198.2,58,11
1101,295.5,46,73
1102,284.5,43,63
1103,299.6,16,81
1104,189.4,58,19
1105,293.3,46,4
1106,93.6,84,18
1107,115.2,84,18
1108,191.2,58,60
1109,209.6,58,54
1110,74.7,46,68
1111,202.5,58,54
1112,300.5,43,63
1113,308.6,46,30
1114,294.0,70,94
1115,199.4,58,81
1116,195.9,58,54
1117,98.9,84,18
1118,314.8,64,67
1119,191.6,58,79
1120,97.2,90,17
1121,96.4,84,18
1122,208.2,58,81
1123,114.6,46,68
1124,105.0,93,88
1125,300.5,93,88
1126,205.4,58,31
1127,289.5,93,88
1128,208.3,58,82
1129,303.3,46,7
1130,204.8,58,45
1131,194.7,58,38
1132,70.1,46,66
1133,210.6,58,38
1134,94.9,46,66
1135,287.8,82,40
1136,92.5,46,7
1137,194.7,58,11
1138,176.6,58,31
1139,91.8,64,67
1140,202.0,58,61
1141,97.6,84,18
1142,304.9,46,4
1143,293.1,46,7
1144,299.6,40,49
1145,194.5,58,67
1146,285.6,46,34
1147,84.4,46,7
1148,197.2,58,32
1149,195.8,58,27
1150,198.4,58,61
1151,299.5,46,34
1152,303.6,70,94
1153,295.3,70,94
1154,194.9,58,81
1155,105.6,46,7
1156,106.1,79,76
1157,189.6,58,19
1158,303.1,46,55
1159,95.3,82,40
1160,191.9,58,86
1161,94.5,93,88
1162,304.7,46,30
1163,201.8,58,86
1164,308.2,46,7
1165,289.3,16,81
1166,302.1,46,34
1167,221.0,58,79
1168,193.3,58,60
1169,103.5,46,66
1170,207.9,58,27
1171,120.5,43,63
1172,312.9,16,81
1173,306.7,46,4
1174,194.3,58,82
1175,103.5,46,68
1176,304.9,70,94
1177,190.4,58,31
1178,308.1,82,40
1179,107.2,46,73
1180,303.0,82,40
1181,305.8,46,30
1182,109.0,79,76
1183,102.6,46,30
1184,80.9,46,7
1185,294.4,46,7
1186,91.8,43,63
1187,99.4,46,59
1188,210.3,58,67
1189,98.6,46,30
1190,184.0,58,81
1191,97.8,64,67
1192,82.7,84,18
1193,207.0,58,79
1194,284.1,72,41
1195,198.1,58,12
1196,207.8,58,11
1197,90.9,84,18
1198,102.2,72,41
1199,100.0,70,94
1200,96.2,90,17
1201,90.6,46,30
1202,98.5,82,40
1203,101.9,79,76
1204,102.2,46,66
1205,198.7,58,81
1206,200.8,58,45
1207,198.2,58,87
1208,192.7,58,32
1209,111.2,16,81
1210,208.4,58,32
1211,196.1,58,19
1212,201.4,58,60
1213,311.3,46,59
1214,271.8,46,34
1215,279.4,72,41
1216,89.1,72,41
1217,309.1,46,7
1218,294.4,64,67
1219,303.0,43,63
1220,215.9,58,11
1221,302.1,84,18
1222,309.2,46,34
1223,291.6,46,55
1224,167.1,58,86
1225,209.7,58,19
1226,299.1,46,30
1227,300.7,70,94
1228,294.6,93,88
1229,191.5,58,12
1230,311.7,46,73
1231,309.0,79,76
1232,195.8,58,31
1233,297.3,46,68
1234,198.4,58,11
1235,203.6,58,32
1236,85.7,46,30
1237,300.1,64,67
1238,297.5,64,67
1239,207.5,58,67
1240,290.2,16,81
1241,295.5,16,81
1242,301.6,90,17
1243,101.6,46,7
1244,312.3,46,73
1245,299.3,64,67
1246,294.6,93,88
1247,303.1,84,18
1248,296.6,46,73
1249,201.6,58,19
1250,113.0,46,73
1251,290.8,90,17
1252,279.9,46,4
1253,187.4,58,5
1254,116.0,46,30
1255,282.1,46,68
1256,196.9,58,81
1257,100.4,46,66
1258,188.6,58,67
1259,306.9,46,59
1260,118.6,84,18
1261,198.2,58,31
1262,106.3,46,7
1263,320.4,64,67
1264,84.0,90,17
1265,194.6,58,54
1266,107.8,70,94
1267,87.9,79,76
1268,200.6,58,82
1269,303.5,72,41
1270,194.2,58,67
1271,98.4,46,7
1272,293.6,46,66
1273,190.0,58,67
1274,326.1,72,41
1275,295.6,46,55
1276,84.9,79,76
1277,206.6,58,43
1278,282.5,46,73
1279,290.9,64,67
1280,189.4,58,54
1281,304.8,46,59
1282,207.6,58,38
1283,187.0,58,5
1284,95.2,46,30
1285,298.3,64,67
1286,206.7,58,82
1287,90.3,79,76
1288,90.9,46,68
1289,212.3,58,11
1290,274.9,46,30
1291,201.9,58,31
1292,194.8,58,11
1293,97.2,82,40
1294,198.2,58,87
1295,199.9,58,79
1296,299.4,46,4
1297,195.5,58,43
1298,111.4,64,67
1299,289.1,46,34
1300,201.5,58,38
1301,186.6,58,31
1302,299.6,72,41
1303,199.8,58,32
1304,210.5,58,12
1305,203.7,58,43
1306,189.7,58,54
1307,111.2,46,30
1308,292.1,46,30
1309,75.3,64,67
1310,298.3,46,68
1311,91.9,46,59
1312,192.1,58,86
1313,304.2,46,73
1314,205.3,58,86
1315,213.4,58,87
1316,285.4,82,40
1317,106.0,84,18
1318,108.1,90,17
1319,83.7,43,63
1320,98.5,79,76
1321,300.0,46,30
1322,286.3,46,4
1323,207.5,58,82
1324,316.4,84,18
1325,210.4,58,31
1326,287.5,64,67
1327,118.6,90,17
1328,109.7,82,40
1329,199.5,58,60
1330,189.8,58,45
1331,313.2,82,40
1332,282.0,84,18
1333,96.3,46,30
1334,194.8,58,61
1335,292.5,46,66
1336,103.0,46,55
1337,296.8,40,49
1338,289.1,70,94
1339,110.3,82,40
1340,316.6,84,18
1341,97.7,46,68
1342,86.1,46,66
1343,89.7,46,34
1344,86.1,64,67
1345,102.6,82,40
1346,203.1,58,43
1347,207.0,58,27
1348,100.8,46,55
1349,281.5,93,88
1350,286.0,90,17
1351,104.7,43,63
1352,83.1,90,17
1353,299.9,90,17
1354,103.8,46,4
1355,186.9,58,87
1356,214.2,58,32
1357,119.2,79,76
1358,223.6,58,5
1359,279.3,40,49
1360,98.6,46,7
1361,101.8,72,41
1362,205.0,58,27
1363,221.2,58,5
1364,108.5,46,66
1365,300.7,46,34
1366,112.4,64,67
1367,94.2,64,67
1368,301.5,46,59
1369,210.1,58,82
1370,104.9,72,41
1371,309.4,46,55
1372,93.6,46,59
1373,96.7,90,17
1374,195.5,58,19
1375,295.2,46,68
1376,209.2,58,38
1377,304.1,82,40
1378,213.6,58,61
1379,306.8,46,73
1380,183.8,58,32
1381,304.5,46,7
1382,306.6,46,7
1383,206.3,58,67
1384,286.1,46,55
1385,310.1,46,34
1386,312.7,93,88
1387,189.6,58,45
1388,113.9,43,63
1389,102.4,46,68
1390,313.9,70,94
1391,190.2,58,27
1392,95.9,84,18
1393,205.3,58,79
1394,204.7,58,19
1395,300.9,46,34
1396,103.8,70,94
1397,208.4,58,61
1398,309.0,46,59
1399,218.3,58,86
1400,93.5,46,34
1401,305.6,46,66
1402,101.1,70,94
1403,113.3,93,88
1404,114.7,79,76
1405,301.4,70,94
1406,209.4,58,5
1407,296.2,46,55
1408,292.7,70,94
1409,108.4,82,40
1410,83.8,46,7
1411,197.7,58,19
1412,96.4,72,41
1413,109.5,90,17
1414,298.8,72,41
1415,193.4,58,67
1416,202.5,58,12
1417,107.4,46,55
1418,279.0,64,67
1419,200.7,58,60
1420,105.2,70,94
1421,108.7,46,73
1422,290.3,64,67
1423,100.0,40,49
1424,193.3,58,43
1425,175.2,58,79
1426,104.0,46,4
1427,185.7,58,43
1428,111.1,46,59
1429,94.6,46,34
1430,198.1,58,32
1431,285.9,46,59
1432,201.1,58,60
1433,114.1,82,40
1434,200.3,58,11
1435,200.0,58,54
1436,212.7,58,67
1437,189.7,58,27
1438,189.8,58,32
1439,190.4,58,67
1440,194.2,58,43
1441,306.9,46,66
1442,301.6,46,66
1443,201.1,58,81
1444,302.3,46,34
1445,297.8,90,17
1446,184.0,58,61
1447,88.5,93,88
1448,213.2,58,61
1449,94.9,46,7
1450,198.7,58,61
1451,107.9,84,18
1452,201.0,58,79
1453,95.8,16,81
1454,100.7,46,34
1455,189.0,58,5
1456,292.7,46,68
1457,286.6,64,67
1458,184.6,58,87
1459,198.0,58,19
1460,182.8,58,60
1461,90.0,46,68
1462,103.1,46,59
1463,327.2,72,41
1464,303.1,46,7
1465,217.1,58,54
1466,296.2,46,68
1467,115.2,46,68
1468,319.3,90,17
1469,285.2,79,76
1470,204.0,58,81
1471,95.4,46,55
1472,94.6,46,55
1473,304.2,46,4
1474,194.4,58,67
1475,93.1,70,94
1476,300.8,43,63
1477,299.1,40,49
1478,313.9,84,18
1479,109.3,70,94
1480,97.8,46,66
1481,194.7,58,60
1482,221.2,58,19
1483,209.7,58,45
1484,203.2,58,61
1485,117.9,46,68
1486,305.6,46,30
1487,294.7,46,55
1488,285.4,16,81
1489,278.0,84,18
1490,98.4,46,30
1491,88.6,16,81
1492,292.2,46,7
1493,192.3,58,79
1494,93.7,64,67
1495,203.8,58,79
1496,106.1,82,40
1497,197.7,58,61
1498,89.9,46,68
1499,210.7,58,61
1500,115.0,84,18
1501,296.9,46,66
1502,102.4,84,18
1503,215.6,58,82
1504,305.1,46,30
1505,290.4,79,76
1506,191.8,58,60
1507,191.6,58,5
1508,120.7,40,49
1509,190.5,58,54
1510,302.9,46,68
1511,292.6,82,40
1512,295.6,46,68
1513,191.4,58,27
1514,324.9,64,67
1515,197.0,58,54
1516,101.8,64,67
1517,116.0,64,67
1518,197.6,58,79
1519,299.8,46,30
1520,193.3,58,45
1521,180.7,58,79
1522,208.0,58,61
1523,202.1,58,87
1524,301.6,46,73
1525,307.7,46,66
1526,111.8,46,7
1527,197.8,58,86
1528,304.9,46,34
1529,306.8,16,81
1530,305.0,84,18
1531,311.0,16,81
1532,205.7,58,54
1533,94.1,46,73
1534,97.6,46,68
1535,200.0,58,32
1536,121.8,90,17
1537,215.9,58,82
1538,301.9,46,66
1539,206.0,58,27
1540,100.1,46,55
1541,302.3,46,30
1542,202.7,58,43
1543,207.1,58,27
1544,295.3,72,41
1545,89.9,46,30
1546,100.7,72,41
1547,309.7,43,63
1548,298.9,82,40
1549,317.8,46,55
1550,109.4,46,4
1551,306.9,72,41
1552,301.1,43,63
1553,306.6,90,17
1554,307.7,93,88
1555,106.9,16,81
1556,96.4,40,49
1557,292.0,70,94
1558,313.5,82,40
1559,294.5,79,76
1560,101.1,46,7
1561,216.9,58,27
1562,181.5,58,54
1563,308.1,46,34
1564,114.4,46,55
1565,293.3,46,66
1566,291.3,79,76
1567,97.8,90,17
1568,106.3,70,94
1569,294.9,46,34
1570,195.4,58,43
1571,211.3,58,5
1572,95.2,43,63
1573,207.2,58,27
1574,201.2,58,54
1575,311.6,46,66
1576,209.2,58,86
1577,309.5,46,55
1578,205.9,58,60
1579,305.2,93,88
1580,212.0,58,67
1581,285.3,46,34
1582,213.5,58,60
1583,296.2,46,68
1584,116.9,46,66
1585,189.4,58,81
1586,182.4,58,66
1587,196.1,58,81
1588,189.7,58,60
1589,306.6,82,40
1590,296.4,64,67
1591,288.5,40,49
1592,304.2,84,18
1593,294.3,46,66
1594,188.2,58,79
1595,214.8,58,87
1596,197.3,58,54
1597,306.0,82,40
1598,196.3,58,38
1599,310.0,46,4
1600,200.5,58,87
1601,104.3,40,49
1602,106.4,46,4
1603,98.0,46,55
1604,99.0,46,59
1605,107.6,79,76
1606,299.9,40,49
1607,96.5,46,34
1608,197.3,58,32
1609,100.8,79,76
1610,284.4,46,59
1611,204.2,58,12
1612,305.2,46,73
1613,277.9,72,41
1614,106.9,90,17
1615,123.9,46,4
1616,105.1,16,81
1617,90.6,82,40
1618,194.3,58,61
1619,211.3,58,19
1620,217.0,58,66
1621,301.6,46,55
1622,208.3,58,32
1623,98.8,46,68
1624,203.3,58,86
1625,275.8,84,18
1626,175.5,58,27
1627,304.9,43,63
1628,97.5,46,66
1629,201.7,58,45
1630,91.7,46,73
1631,311.3,46,30
1632,203.6,58,66
1633,98.1,46,7
1634,322.1,46,7
1635,100.4,46,4
1636,201.7,58,31
1637,87.1,70,94
1638,103.5,46,59
1639,72.2,93,88
1640,299.8,46,68
1641,287.9,46,4
1642,104.7,79,76
1643,112.9,40,49
1644,280.1,46,59
1645,92.9,64,67
1646,96.3,46,7
1647,174.2,58,86
1648,221.4,58,61
1649,95.6,46,4
1650,296.7,82,40
1651,198.7,58,54
1652,192.3,58,54
1653,311.4,72,41
1654,198.9,58,67
1655,90.8,72,41
1656,288.9,43,63
1657,98.0,84,18
1658,186.7,58,61
1659,105.8,46,55
1660,308.4,46,66
1661,189.5,58,12
1662,316.3,84,18
1663,289.2,46,7
1664,85.2,90,17
1665,98.2,46,7
1666,210.9,58,60
1667,291.9,82,40
1668,188.4,58,86
1669,111.3,72,41
1670,81.0,43,63
1671,299.7,46,66
1672,213.1,58,12
1673,312.5,84,18
1674,302.2,70,94
1675,180.8,58,87
1676,101.7,90,17
1677,313.2,46,4
1678,187.1,58,43
1679,112.2,46,34
1680,308.2,93,88
1681,103.5,84,18
1682,192.3,58,19
1683,209.7,58,43
1684,309.2,46,34
1685,104.9,64,67
1686,194.7,58,67
1687,202.8,58,61
1688,298.9,79,76
1689,298.7,82,40
1690,195.5,58,45
1691,209.6,58,79
1692,317.3,84,18
1693,303.5,46,73
1694,78.6,46,68
1695,91.4,46,59
1696,203.4,58,45
1697,181.6,58,19
1698,107.5,46,73
1699,108.8,43,63
1700,105.7,90,17
1701,92.7,40,49
1702,286.6,79,76
1703,198.1,58,43
1704,217.6,58,32
1705,198.4,58,87
1706,206.0,58,27
1707,287.4,79,76
1708,306.8,46,66
1709,288.3,70,94
1710,122.1,46,73
1711,292.5,64,67
1712,291.5,82,40
1713,296.2,64,67
1714,102.9,16,81
1715,311.6,84,18
1716,102.1,46,59
1717,298.1,82,40
1718,215.5,58,32
1719,91.6,82,40
1720,305.0,16,81
1721,100.5,46,59
1722,294.2,84,18
1723,198.0,58,66
1724,91.6,82,40
1725,198.4,58,61
1726,98.1,46,73
1727,198.0,58,32
1728,311.7,70,94
1729,94.8,46,68
1730,102.9,43,63
1731,305.6,64,67
1732,88.1,46,55
1733,201.7,58,19
1734,284.9,46,55
1735,282.2,84,18
1736,220.7,58,27
1737,99.4,70,94
1738,293.0,70,94
1739,184.3,58,5
1740,307.1,16,81
1741,315.5,82,40
1742,182.8,58,79
1743,74.7,82,40
1744,209.6,58,12
1745,184.1,58,54
1746,102.3,43,63
1747,94.2,16,81
1748,309.5,93,88
1749,71.3,70,94
1750,203.8,58,66
1751,191.8,58,67
1752,200.9,58,67
1753,196.1,58,19
1754,117.6,43,63
1755,198.8,58,81
1756,322.7,46,30
1757,189.6,58,43
1758,197.0,58,61
1759,184.9,58,27
1760,90.0,79,76
1761,71.7,46,7
1762,298.7,93,88
1763,96.2,84,18
1764,103.7,46,4
1765,313.4,90,17
1766,103.0,46,34
1767,294.7,46,30
1768,71.3,46,68
1769,301.2,16,81
1770,307.4,93,88
1771,96.9,84,18
1772,302.5,46,68
1773,211.5,58,12
1774,97.9,46,73
1775,201.5,58,19
1776,296.9,46,68
1777,292.3,40,49
1778,284.6,64,67
1779,201.6,58,43
1780,99.4,64,67
1781,201.4,58,87
1782,120.3,64,67
1783,97.5,46,59
1784,304.7,72,41
1785,304.8,40,49
1786,100.8,90,17
1787,196.0,58,32
1788,96.7,46,30
1789,308.5,16,81
1790,98.1,46,73
1791,299.3,46,68
1792,289.1,40,49
1793,309.8,84,18
1794,297.3,70,94
1795,105.9,84,18
1796,206.0,58,45
1797,208.0,58,79
1798,301.3,46,34
1799,109.2,46,59
1800,98.4,79,76
1801,288.3,40,49
1802,90.5,46,4
1803,193.1,58,61
1804,103.2,90,17
1805,307.1,46,7
1806,100.7,43,63
1807,295.8,46,73
1808,93.0,46,66
1809,90.8,43,63
1810,99.6,82,40
1811,306.5,46,66
1812,179.2,58,66
1813,96.8,46,66
1814,94.5,16,81
1815,301.8,46,66
1816,196.9,58,19
1817,121.3,93,88
1818,303.1,84,18
1819,103.7,70,94
1820,111.6,46,59
1821,75.8,40,49
1822,292.9,79,76
1823,300.2,46,55
1824,303.6,79,76
1825,292.8,46,34
1826,96.0,70,94
1827,288.4,46,68
1828,189.3,58,27
1829,294.2,46,7
1830,317.4,84,18
1831,204.1,58,27
1832,304.7,16,81
1833,192.9,58,32
1834,301.3,72,41
1835,291.8,84,18
1836,109.8,72,41
1837,102.7,16,81
1838,304.9,90,17
1839,296.8,84,18
1840,194.7,58,61
1841,101.4,79,76
1842,92.2,46,66
1843,287.8,72,41
1844,208.5,58,5
1845,201.9,58,5
1846,95.0,72,41
1847,190.8,58,81
1848,192.4,58,45
1849,194.2,58,86
1850,301.3,46,30
1851,98.3,46,34
1852,295.8,16,81
1853,286.5,72,41
1854,189.8,58,87
1855,183.5,58,81
1856,193.5,58,82
1857,310.0,64,67
1858,295.6,16,81
1859,75.8,46,55
1860,183.8,58,45
1861,310.4,46,7
1862,204.1,58,43
1863,192.7,58,60
1864,105.5,46,73
1865,107.8,43,63
1866,216.0,58,5
1867,98.0,82,40
1868,100.7,46,73
1869,197.5,58,38
1870,293.8,46,66
1871,204.5,58,81
1872,202.2,58,31
1873,181.9,58,27
1874,87.0,93,88
1875,101.1,46,68
1876,90.1,64,67
1877,307.6,46,4
1878,89.1,90,17
1879,205.8,58,60
1880,291.6,46,7
1881,97.8,43,63
1882,188.2,58,11
1883,118.6,84,18
1884,104.5,46,66
1885,203.5,58,86
1886,197.0,58,43
1887,197.7,58,61
1888,200.3,58,11
1889,302.0,64,67
1890,297.2,82,40
1891,288.8,46,34
1892,223.7,58,31
1893,197.0,58,11
1894,299.6,46,30
1895,203.3,58,43
1896,90.4,70,94
1897,202.5,58,45
1898,103.0,46,30
1899,292.8,84,18
1900,305.1,46,73
1901,97.4,46,7
1902,204.0,58,31
1903,207.8,58,12
1904,188.6,58,61
1905,195.7,58,66
1906,209.2,58,79
1907,317.6,82,40
1908,197.0,58,66
1909,99.8,93,88
1910,96.4,79,76
1911,211.1,58,38
1912,94.9,46,66
1913,72.3,46,7
1914,196.9,58,54
1915,293.1,16,81
1916,312.3,43,63
1917,106.0,40,49
1918,292.9,46,30
1919,301.1,46,7
1920,95.0,46,55
1921,299.0,46,7
1922,99.2,46,59
1923,311.1,82,40
1924,101.9,46,4
1925,96.8,79,76
1926,290.1,43,63
1927,295.4,46,30
1928,206.1,58,11
1929,209.2,58,81
1930,202.8,58,45
1931,308.3,82,40
1932,310.2,46,66
1933,199.0,58,12
1934,90.9,46,66
1935,189.0,58,38
1936,106.8,70,94
1937,202.2,58,60
1938,212.4,58,11
1939,198.3,58,5
1940,306.9,46,4
1941,309.1,79,76
1942,104.0,46,73
1943,95.5,90,17
1944,104.4,46,59
1945,299.7,40,49
1946,321.1,46,73
1947,204.0,58,61
1948,195.8,58,19
1949,300.2,46,4
1950,218.0,58,32
1951,209.0,58,61
1952,209.1,58,79
1953,195.2,58,81
1954,106.3,46,66
1955,202.5,58,31
1956,199.4,58,12
1957,291.4,72,41
1958,297.4,46,34
1959,319.4,43,63
1960,200.5,58,38
1961,296.4,93,88
1962,205.3,58,60
1963,207.2,58,43
1964,99.7,93,88
1965,96.8,46,73
1966,191.0,58,79
1967,299.1,46,4
1968,96.5,72,41
1969,111.3,46,4
1970,191.7,58,27
1971,280.6,84,18
1972,287.8,70,94
1973,199.5,58,43
1974,280.7,84,18
1975,285.9,43,63
1976,290.3,90,17
1977,103.5,70,94
1978,308.8,46,59
1979,92.9,46,7
1980,196.9,58,11
1981,181.2,58,67
1982,207.5,58,54
1983,314.9,46,73
1984,299.7,93,88
1985,324.4,43,63
1986,201.9,58,82
1987,110.3,40,49
1988,113.3,46,55
1989,101.1,43,63
1990,294.9,46,66
1991,82.1,43,63
1992,311.0,16,81
1993,90.0,46,59
1994,220.4,58,12
1995,307.5,40,49
1996,300.4,46,68
1997,287.2,46,30
1998,98.3,46,66
1999,289.2,72,41
2000,188.8,58,43
2001,104.9,46,59
2002,282.1,46,4
2003,297.4,84,18
2004,187.2,58,45
2005,104.3,46,73
2006,187.2,58,31
2007,83.6,46,34
2008,203.1,58,27
2009,114.1,79,76
2010,82.7,46,59
2011,192.4,58,31
2012,109.8,46,4
2013,211.2,58,82
2014,93.1,90,17
2015,98.3,46,59
2016,82.3,79,76
2017,312.1,64,67
2018,303.2,43,63
2019,81.7,46,73
2020,93.3,72,41
2021,294.9,84,18
2022,111.5,16,81
2023,308.9,46,34
2024,201.2,58,32
2025,297.6,72,41
2026,299.7,46,30
2027,90.2,46,34
2028,99.0,46,55
2029,105.9,46,55
2030,197.1,58,19
2031,203.1,58,79
2032,303.6,46,68
2033,80.0,46,59
2034,221.8,58,82
2035,99.0,46,66
2036,102.2,16,81
2037,208.8,58,60
2038,89.4,93,88
2039,108.1,79,76
2040,286.0,72,41
2041,307.6,72,41
2042,201.5,58,61
2043,213.6,58,66
2044,101.0,46,34
2045,93.3,72,41
2046,314.2,46,68
2047,204.9,58,54
2048,94.3,46,30
2049,203.9,58,5
2050,105.2,82,40
2051,195.0,58,66
2052,303.9,46,4
2053,108.2,46,59
2054,193.4,58,43
2055,115.8,84,18
2056,191.0,58,43
2057,91.4,46,73
2058,204.0,58,54
2059,192.3,58,45
2060,81.9,82,40
2061,305.6,46,30
2062,97.7,46,34
2063,189.9,58,27
2064,108.5,40,49
2065,300.2,46,59
2066,94.1,72,41
2067,204.3,58,79
2068,305.5,46,59
2069,197.9,58,87
2070,99.5,46,34
2071,92.1,46,4
2072,86.7,93,88
2073,88.6,64,67
2074,289.2,70,94
2075,109.8,46,30
2076,101.4,72,41
2077,302.5,40,49
2078,205.1,58,82
2079,91.9,46,4
2080,189.0,58,67
2081,312.7,90,17
2082,290.1,40,49
2083,303.5,70,94
2084,306.4,79,76
2085,96.8,46,73
2086,319.0,46,34
2087,294.9,64,67
2088,99.3,79,76
2089,276.6,82,40
2090,87.9,46,30
2091,83.8,46,59
2092,291.2,16,81
2093,195.2,58,31
2094,307.1,16,81
2095,211.8,58,61
2096,296.4,46,7
2097,199.5,58,11
2098,298.7,84,18
2099,220.5,58,5
2100,93.0,70,94
2101,195.8,58,11
2102,93.8,43,63
2103,199.7,58,27
2104,287.1,79,76
2105,108.3,84,18
2106,99.6,70,94
2107,211.6,58,82
2108,181.0,58,32
2109,210.3,58,27
2110,297.0,43,63
2111,112.5,90,17
2112,215.7,58,43
2113,115.7,46,66
2114,208.8,58,45
2115,265.1,46,66
2116,291.1,46,7
2117,87.1,46,68
2118,95.6,46,73
2119,210.7,58,5
2120,202.4,58,32
2121,289.4,46,30
2122,103.2,46,7
2123,298.3,46,30
2124,113.2,79,76
2125,310.4,46,34
2126,204.1,58,38
2127,303.1,70,94
2128,301.2,84,18
2129,203.0,58,32
2130,302.6,46,66
2131,113.3,82,40
2132,318.6,46,73
2133,178.1,58,54
2134,204.6,58,32
2135,300.2,82,40
2136,98.6,46,34
2137,86.6,43,63
2138,102.4,46,55
2139,284.6,84,18
2140,184.5,58,81
2141,305.6,46,7
2142,100.7,46,73
2143,105.0,46,55
2144,190.1,58,86
2145,321.5,72,41
2146,100.2,46,55
2147,207.6,58,43
2148,193.5,58,45
2149,104.6,46,55
2150,197.8,58,12
2151,197.0,58,60
2152,211.9,58,27
2153,204.8,58,61
2154,287.1,46,55
2155,298.0,46,7
2156,194.5,58,87
2157,86.2,46,68
2158,193.2,58,19
2159,105.2,46,34
2160,193.8,58,12
2161,299.5,46,55
2162,101.2,46,34
2163,102.5,46,59
2164,198.7,58,81
2165,205.8,58,60
2166,107.9,43,63
2167,108.3,64,67
2168,316.9,72,41
2169,92.2,46,30
2170,85.5,46,66
2171,298.8,84,18
2172,311.0,46,68
2173,69.5,90,17
2174,298.7,90,17
2175,302.3,46,66
2176,287.9,79,76
2177,109.5,79,76
2178,322.7,46,34
2179,197.6,58,66
2180,90.2,82,40
2181,307.0,46,68
2182,300.6,70,94
2183,104.7,93,88
2184,176.3,58,38
2185,193.5,58,27
2186,289.4,82,40
2187,187.6,58,19
2188,198.1,58,67
2189,300.4,40,49
2190,99.9,16,81
2191,286.3,46,4
2192,297.6,64,67
2193,303.7,93,88
2194,196.9,58,79
2195,201.7,58,19
2196,297.4,46,73
2197,111.3,46,68
2198,199.9,58,82
2199,300.5,46,68
2200,93.4,46,59
2201,311.9,46,73
2202,193.4,58,31
2203,191.4,58,43
2204,97.2,16,81
2205,95.9,43,63
2206,310.9,46,7
2207,295.7,70,94
2208,294.2,43,63
2209,106.0,46,7
2210,205.2,58,31
2211,207.5,58,61
2212,195.0,58,61
2213,203.8,58,67
2214,91.0,43,63
2215,96.7,72,41
2216,109.3,79,76
2217,86.2,70,94
2218,293.6,46,55
2219,214.5,58,11
2220,107.3,46,66
2221,313.3,46,7
2222,85.9,46,68
2223,215.8,58,79
2224,298.1,93,88
2225,207.0,58,38
2226,205.9,58,43
2227,98.6,93,88
2228,96.3,16,81
2229,190.8,58,79
2230,208.2,58,61
2231,208.0,58,66
2232,95.7,64,67
2233,207.1,58,60
2234,192.1,58,86
2235,110.7,46,30
2236,311.1,46,73
2237,104.4,16,81
2238,207.8,58,45
2239,312.7,46,30
2240,306.5,46,4
2241,306.6,46,7
2242,291.0,46,7
2243,97.0,82,40
2244,88.3,46,55
2245,190.0,58,54
2246,108.2,90,17
2247,100.2,46,34
2248,193.3,58,45
2249,119.4,64,67
2250,211.2,58,32
2251,192.4,58,38
2252,195.5,58,87
2253,296.1,43,63
2254,204.3,58,67
2255,291.5,46,34
2256,197.2,58,32
2257,306.1,46,55
2258,302.2,46,55
2259,186.9,58,86
2260,211.0,58,11
2261,300.8,70,94
2262,213.0,58,79
2263,301.6,46,66
2264,200.7,58,11
2265,315.4,40,49
2266,84.0,70,94
2267,324.8,79,76
2268,204.8,58,86
2269,93.0,84,18
2270,298.7,40,49
2271,308.0,46,66
2272,306.9,64,67
2273,296.7,46,4
2274,98.9,93,88
2275,200.5,58,61
2276,100.3,72,41
2277,189.9,58,66
2278,287.3,70,94
2279,107.5,46,30
2280,304.5,46,66
2281,104.1,84,18
2282,101.4,93,88
2283,300.0,46,68
2284,91.2,46,7
2285,198.9,58,32
2286,203.3,58,19
2287,201.8,58,54
2288,103.7,46,30
2289,92.8,46,68
2290,295.4,70,94
2291,294.0,46,68
2292,195.5,58,45
2293,95.6,46,7
2294,109.6,90,17
2295,295.6,82,40
2296,99.2,90,17
2297,285.5,64,67
2298,293.6,84,18
2299,196.2,58,81
2300,201.2,58,5
2301,178.7,58,66
2302,190.7,58,54
2303,102.4,46,59
2304,104.4,64,67
2305,215.2,58,11
2306,200.2,58,19
2307,89.0,43,63
2308,196.6,58,27
2309,100.5,70,94
2310,106.3,46,4
2311,313.1,70,94
2312,99.0,93,88
2313,208.9,58,60
2314,108.4,84,18
2315,105.0,70,94
2316,205.5,58,45
2317,297.9,79,76
2318,289.3,46,55
2319,299.3,70,94
2320,284.4,46,59
2321,216.6,58,82
2322,97.4,46,73
2323,193.7,58,38
2324,208.8,58,87
2325,112.6,46,55
2326,301.4,46,34
2327,216.5,58,61
2328,96.7,46,34
2329,90.5,46,55
2330,109.7,46,30
2331,105.7,46,68
2332,98.9,40,49
2333,305.7,46,7
2334,108.0,46,68
2335,212.9,58,54
2336,324.1,93,88
2337,189.3,58,19
2338,102.2,46,66
2339,103.8,46,4
2340,300.5,46,73
2341,310.3,46,55
2342,189.9,58,11
2343,192.8,58,81
2344,104.3,64,67
2345,190.7,58,27
2346,206.9,58,27
2347,302.1,46,30
2348,307.0,84,18
2349,194.7,58,82
2350,190.9,58,82
2351,194.5,58,54
2352,291.3,16,81
2353,316.2,40,49
2354,296.6,82,40
2355,206.0,58,19
2356,100.6,46,4
2357,299.7,46,68
2358,110.3,43,63
2359,108.4,46,55
2360,198.4,58,81
2361,203.3,58,45
2362,99.8,82,40
2363,189.4,58,82
2364,186.7,58,5
2365,296.4,46,7
2366,202.7,58,87
2367,191.6,58,27
2368,204.3,58,11
2369,115.9,16,81
2370,197.9,58,11
2371,102.0,90,17
2372,177.2,58,60
2373,201.5,58,82
2374,300.1,72,41
2375,305.4,72,41
2376,89.4,82,40
2377,108.2,46,4
2378,214.1,58,61
2379,196.5,58,5
2380,181.0,58,54
2381,120.3,46,55
2382,189.1,58,82
2383,89.9,93,88
2384,108.1,46,7
2385,115.7,43,63
2386,110.5,40,49
2387,119.8,93,88
2388,313.4,90,17
2389,86.3,46,7
2390,202.5,58,38
2391,90.0,79,76
2392,126.3,64,67
2393,88.2,90,17
2394,305.7,79,76
2395,302.1,93,88
2396,284.1,72,41
2397,95.3,40,49
2398,297.1,79,76
2399,215.6,58,60
2400,325.8,70,94
2401,102.0,46,30
2402,292.6,46,4
2403,296.9,46,7
2404,212.1,58,38
2405,200.7,58,5
2406,204.2,58,31
2407,304.3,64,67
2408,102.5,46,59
2409,309.0,46,59
2410,195.7,58,19
2411,87.0,46,55
2412,119.2,84,18
2413,281.8,90,17
2414,211.8,58,12
2415,92.9,46,66
2416,209.5,58,66
2417,89.8,90,17
2418,297.9,46,4
2419,291.4,46,73
2420,208.3,58,54
2421,103.4,46,55
2422,289.1,79,76
2423,102.5,46,30
2424,81.9,46,55
2425,182.1,58,61
2426,301.2,79,76
2427,298.0,64,67
2428,208.0,58,86
2429,216.3,58,60
2430,206.1,58,82
2431,92.0,43,63
2432,316.6,46,7
2433,117.2,90,17
2434,103.6,46,7
2435,122.1,82,40
2436,199.6,58,38
2437,296.5,93,88
2438,98.3,46,30
2439,186.2,58,61
2440,107.8,46,73
2441,102.7,46,73
2442,199.0,58,86
2443,293.6,90,17
2444,206.2,58,86
2445,216.7,58,32
2446,82.9,82,40
2447,213.6,58,32
2448,309.6,70,94
2449,291.3,43,63
2450,95.1,79,76
2451,210.7,58,43
2452,188.3,58,86
2453,81.7,46,4
2454,296.7,46,59
2455,110.8,46,7
2456,205.3,58,54
2457,102.4,79,76
2458,203.1,58,12
2459,101.4,46,30
2460,112.6,16,81
2461,307.3,79,76
2462,308.5,84,18
2463,296.3,46,34
2464,110.5,72,41
2465,101.2,64,67
2466,92.1,46,30
2467,90.8,82,40
2468,97.0,40,49
2469,99.9,46,66
2470,196.1,58,5
2471,194.4,58,82
2472,87.3,40,49
2473,103.1,46,59
2474,102.3,16,81
2475,183.8,58,43
2476,193.6,58,87
2477,306.6,90,17
2478,110.4,93,88
2479,86.4,46,4
2480,201.9,58,11
2481,206.2,58,5
2482,312.3,93,88
2483,103.1,40,49
2484,97.4,46,68
2485,184.5,58,5
2486,179.6,58,38
2487,312.6,16,81
2488,196.4,58,67
2489,299.6,79,76
2490,221.3,58,32
2491,202.5,58,32
2492,194.4,58,79
2493,191.1,58,67
2494,212.9,58,12
2495,306.7,46,66
2496,179.8,58,66
2497,202.5,58,31
2498,94.4,46,30
2499,291.0,16,81
2500,198.6,58,12
2501,95.2,46,59
2502,311.8,46,66
2503,314.0,82,40
2504,294.5,93,88
2505,196.1,58,19
2506,88.0,46,55
2507,200.1,58,81
2508,301.0,64,67
2509,91.9,82,40
2510,107.6,46,55
2511,301.8,40,49
2512,201.7,58,61
2513,292.2,64,67
2514,197.1,58,61
2515,196.9,58,87
2516,287.0,72,41
2517,296.1,46,68
2518,90.9,64,67
2519,300.8,46,55
2520,302.5,90,17
2521,208.5,58,61
2522,327.6,40,49
2523,116.3,16,81
2524,301.7,46,68
2525,201.4,58,81
2526,304.3,64,67
2527,206.8,58,67
2528,105.2,46,30
2529,187.3,58,43
2530,226.0,58,11
2531,96.1,46,73
2532,194.8,58,19
2533,310.7,40,49
2534,305.8,72,41
2535,115.9,46,7
2536,308.9,64,67
2537,213.8,58,31
2538,285.7,46,66
2539,212.1,58,61
2540,205.1,58,54
2541,313.2,82,40
2542,78.1,82,40
2543,300.8,46,55
2544,295.7,43,63
2545,297.7,70,94
2546,323.3,46,30
2547,222.8,58,87
2548,92.9,46,59
2549,109.6,82,40
2550,192.8,58,82
2551,116.5,46,7
2552,298.7,46,4
2553,206.1,58,87
2554,296.3,16,81
2555,302.3,40,49
2556,69.9,16,81
2557,190.4,58,45
2558,213.7,58,11
2559,202.8,58,11
2560,99.8,84,18
2561,86.9,46,55
2562,108.1,70,94
2563,109.0,46,73
2564,197.2,58,54
2565,311.6,82,40
2566,305.0,90,17
2567,304.9,40,49
2568,94.5,72,41
2569,186.7,58,38
2570,117.5,46,55
2571,290.0,84,18
2572,301.1,82,40
2573,92.5,46,66
2574,114.8,46,68
2575,299.6,46,66
2576,308.3,40,49
2577,102.8,84,18
2578,105.8,46,34
2579,206.8,58,61
2580,288.8,46,4
2581,106.6,93,88
2582,197.8,58,31
2583,328.7,46,34
2584,208.9,58,32
2585,215.6,58,32
2586,197.5,58,32
2587,284.0,16,81
2588,312.8,46,4
2589,108.3,70,94
2590,300.5,40,49
2591,297.4,64,67
2592,210.8,58,66
2593,217.6,58,31
2594,197.6,58,60
2595,292.5,46,7
2596,88.4,46,30
2597,194.4,58,87
2598,116.0,46,73
2599,195.4,58,61
2600,202.2,58,61
2601,288.9,82,40
2602,306.3,43,63
2603,89.0,72,41
2604,304.2,93,88
2605,300.6,72,41
2606,289.8,79,76
2607,310.3,46,55
2608,80.4,79,76
2609,305.2,16,81
2610,104.1,46,34
2611,192.2,58,5
2612,299.2,79,76
2613,206.4,58,86
2614,194.9,58,79
2615,193.2,58,32
2616,197.1,58,31
2617,211.4,58,86
2618,306.2,46,7
2619,193.6,58,66
2620,282.8,46,68
2621,118.4,79,76
2622,200.2,58,81
2623,207.3,58,87
2624,95.6,79,76
2625,322.1,72,41
2626,293.3,93,88
2627,294.5,46,4
2628,205.3,58,87
2629,308.6,46,68
2630,106.3,79,76
2631,291.8,40,49
2632,199.6,58,61
2633,94.1,46,7
2634,196.6,58,54
2635,311.7,70,94
2636,299.1,43,63
2637,118.7,79,76
2638,203.4,58,86
2639,196.0,58,79
2640,96.7,46,59
2641,103.4,84,18
2642,214.7,58,43
2643,199.4,58,86
2644,86.2,46,73
2645,95.2,46,59
2646,202.5,58,11
2647,206.1,58,81
2648,296.9,82,40
2649,200.7,58,66
2650,293.8,46,30
2651,193.3,58,66
2652,324.9,93,88
2653,298.8,82,40
2654,100.7,46,4
2655,297.5,46,68
2656,297.3,93,88
2657,295.9,64,67
2658,303.4,84,18
2659,207.3,58,61
2660,202.3,58,81
2661,191.7,58,87
2662,93.6,46,55
2663,216.9,58,11
2664,76.1,64,67
2665,204.7,58,79
2666,87.6,16,81
2667,117.3,46,7
2668,170.6,58,86
2669,308.4,46,4
2670,96.6,46,59
2671,93.5,46,7
2672,285.4,46,7
2673,91.5,46,4
2674,101.5,46,66
2675,284.5,72,41
2676,92.8,46,73
2677,205.4,58,11
2678,198.9,58,11
2679,107.7,46,55
2680,103.6,46,68
2681,207.8,58,87
2682,294.5,72,41
2683,204.7,58,45
2684,86.7,46,7
2685,99.3,72,41
2686,189.6,58,87
2687,94.1,93,88
2688,301.9,93,88
2689,317.6,90,17
2690,193.8,58,43
2691,94.3,46,73
2692,111.9,84,18
2693,83.9,82,40
2694,101.3,70,94
2695,292.3,46,66
2696,295.4,46,55
2697,106.0,40,49
2698,291.9,70,94
2699,208.7,58,31
2700,76.5,46,30
2701,209.6,58,27
2702,206.7,58,86
2703,201.9,58,11
2704,306.5,46,7
2705,81.4,46,59
2706,272.9,64,67
2707,97.5,70,94
2708,91.1,46,30
2709,209.4,58,11
2710,300.5,79,76
2711,286.7,82,40
2712,285.2,46,73
2713,293.3,46,68
2714,293.7,84,18
2715,198.2,58,43
2716,295.8,43,63
2717,114.1,79,76
2718,99.6,46,55
2719,309.7,82,40
2720,199.0,58,11
2721,196.2,58,81
2722,95.1,46,4
2723,191.3,58,45
2724,213.5,58,11
2725,293.2,46,55
2726,182.5,58,82
2727,215.9,58,67
2728,127.5,40,49
2729,199.3,58,32
2730,309.0,84,18
2731,199.2,58,54
2732,202.0,58,79
2733,195.6,58,38
2734,109.9,46,4
2735,98.6,46,55
2736,114.6,46,34
2737,95.1,43,63
2738,288.9,40,49
2739,292.3,79,76
2740,293.7,64,67
2741,288.8,16,81
2742,303.6,46,7
2743,97.6,46,66
2744,104.3,72,41
2745,201.8,58,12
2746,109.4,40,49
2747,96.1,82,40
2748,118.0,46,68
2749,98.8,79,76
2750,203.0,58,5
2751,301.1,16,81
2752,101.7,46,4
2753,186.2,58,82
2754,195.3,58,79
2755,207.4,58,27
2756,280.3,93,88
2757,78.6,46,34
2758,112.1,46,30
2759,189.9,58,86
2760,213.6,58,43
2761,293.3,46,4
2762,216.6,58,66
2763,97.4,70,94
2764,80.0,82,40
2765,195.0,58,87
2766,290.8,70,94
2767,192.5,58,5
2768,98.2,93,88
2769,186.6,58,81
2770,283.9,64,67
2771,304.9,84,18
2772,192.8,58,86
2773,88.0,70,94
2774,114.4,43,63
2775,313.9,43,63
2776,101.6,46,4
2777,95.7,46,4
2778,187.2,58,82
2779,195.5,58,32
2780,106.4,90,17
2781,101.7,90,17
2782,95.1,93,88
2783,200.3,58,61
2784,309.9,40,49
2785,186.1,58,66
2786,307.9,93,88
2787,85.9,46,4
2788,212.4,58,54
2789,99.0,82,40
2790,198.1,58,32
2791,102.9,82,40
2792,202.1,58,38
2793,293.0,46,30
2794,214.5,58,27
2795,96.3,93,88
2796,86.5,46,34
2797,207.4,58,66
2798,295.6,72,41
2799,295.1,46,34
2800,305.3,43,63
2801,315.8,46,68
2802,203.3,58,87
2803,302.7,46,59
2804,298.1,79,76
2805,204.1,58,60
2806,200.7,58,11
2807,79.6,46,30
2808,302.0,79,76
2809,93.5,64,67
2810,204.5,58,61
2811,96.4,46,68
2812,306.7,40,49
2813,85.9,46,7
2814,291.1,46,34
2815,199.9,58,87
2816,307.9,72,41
2817,300.4,43,63
2818,290.9,64,67
2819,86.9,72,41
2820,103.5,72,41
2821,195.8,58,87
2822,111.0,46,7
2823,207.3,58,86
2824,189.8,58,38
2825,299.0,46,73
2826,285.3,72,41
2827,189.6,58,66
2828,192.3,58,60
2829,200.8,58,32
2830,212.3,58,66
2831,319.9,46,7
2832,100.3,46,7
2833,93.5,46,66
2834,297.0,46,68
2835,287.2,43,63
2836,202.7,58,19
2837,212.0,58,11
2838,316.3,84,18
2839,307.1,46,55
2840,185.6,58,31
2841,110.3,79,76
2842,211.7,58,27
2843,304.3,46,4
2844,193.3,58,61
2845,293.5,64,67
2846,289.6,82,40
2847,205.6,58,81
2848,200.0,58,11
2849,202.1,58,12
2850,206.4,58,31
2851,294.0,46,55
2852,97.8,46,34
2853,209.6,58,60
2854,94.2,46,55
2855,105.6,46,59
2856,199.7,58,12
2857,190.1,58,31
2858,210.8,58,31
2859,215.2,58,5
2860,103.6,46,66
2861,302.1,46,59
2862,316.9,64,67
2863,300.3,16,81
2864,101.3,82,40
2865,89.4,79,76
2866,297.4,70,94
2867,104.5,93,88
2868,115.9,90,17
2869,213.6,58,82
2870,206.3,58,38
2871,91.3,46,30
2872,306.8,46,7
2873,290.1,46,68
2874,108.2,16,81
2875,199.4,58,66
2876,203.6,58,43
2877,205.0,58,43
2878,214.2,58,67
2879,112.0,46,34
2880,296.6,46,66
2881,198.1,58,79
2882,197.1,58,31
2883,104.6,46,66
2884,115.9,82,40
2885,120.1,40,49
2886,211.5,58,82
2887,190.0,58,45
2888,305.8,90,17
2889,176.2,58,38
2890,114.1,79,76
2891,98.7,16,81
2892,200.9,58,87
2893,107.2,90,17
2894,98.3,84,18
2895,199.5,58,87
2896,301.0,46,73
2897,294.5,46,7
2898,107.1,72,41
2899,206.5,58,61
2900,214.0,58,19
2901,223.4,58,43
2902,214.4,58,43
2903,295.1,46,4
2904,295.3,46,73
2905,100.6,70,94
2906,300.4,43,63
2907,285.6,46,55
2908,202.8,58,86
2909,203.7,58,5
2910,299.7,90,17
2911,197.6,58,38
2912,212.5,58,19
2913,106.4,72,41
2914,196.5,58,12
2915,210.2,58,11
2916,100.8,46,73
2917,295.4,46,59
2918,108.4,93,88
2919,200.7,58,79
2920,200.0,58,81
2921,191.2,58,38
2922,177.1,58,60
2923,293.9,46,4
2924,99.8,64,67
2925,84.6,46,68
2926,296.5,70,94
2927,108.4,72,41
2928,179.0,58,31
2929,95.7,84,18
2930,83.4,46,68
2931,106.4,43,63
2932,206.8,58,31
2933,299.4,72,41
2934,195.3,58,5
2935,198.9,58,82
2936,303.6,46,55
2937,191.4,58,82
2938,96.7,46,55
2939,204.7,58,5
2940,212.9,58,27
2941,106.0,64,67
2942,201.0,58,66
2943,201.3,58,32
2944,89.9,46,73
2945,92.1,46,68
2946,207.4,58,45
2947,197.6,58,31
2948,206.3,58,60
2949,102.4,84,18
2950,287.3,90,17
2951,208.3,58,12
2952,297.0,84,18
2953,205.2,58,32
2954,211.8,58,87
2955,305.3,82,40
2956,296.1,84,18
2957,90.1,46,66
2958,203.1,58,11
2959,297.2,46,55
2960,313.4,90,17
2961,210.1,58,5
2962,101.3,46,59
2963,206.4,58,12
2964,195.6,58,61
2965,101.8,84,18
2966,106.4,46,55
2967,194.5,58,45
2968,305.9,40,49
2969,92.8,72,41
2970,95.2,93,88
2971,306.6,70,94
2972,111.8,46,30
2973,297.9,46,4
2974,215.1,58,12
2975,213.6,58,79
2976,87.1,46,68
2977,203.4,58,54
2978,90.9,64,67
2979,96.0,46,34
2980,205.6,58,81
2981,200.6,58,27
2982,301.1,93,88
2983,192.6,58,11
2984,82.2,90,17
2985,188.9,58,27
2986,120.1,64,67
2987,191.9,58,45
2988,309.5,70,94
2989,105.1,43,63
2990,209.2,58,45
2991,91.0,72,41
2992,217.5,58,67
2993,305.1,72,41
2994,297.9,64,67
2995,213.6,58,79
2996,304.9,46,34
2997,181.9,58,54
2998,183.4,58,12
2999,103.6,79,76
3000,305.2,46,59
3001,209.4,58,66
3002,310.6,46,68
3003,204.9,58,66
3004,304.4,46,4
3005,299.3,90,17
3006,99.8,46,7
3007,303.8,40,49
3008,112.3,46,55
3009,104.8,70,94
3010,88.6,90,17
3011,108.1,43,63
3012,83.3,84,18
3013,82.7,46,55
3014,85.0,43,63
3015,94.5,90,17
3016,114.7,16,81
3017,289.3,16,81
3018,188.3,58,5
3019,196.9,58,87
3020,290.0,90,17
3021,311.4,84,18
3022,112.5,46,68
3023,103.1,16,81
3024,122.5,40,49
3025,88.6,82,40
3026,92.7,82,40
3027,207.8,58,43
3028,93.8,93,88
3029,109.0,64,67
3030,203.2,58,82
3031,293.1,46,55
3032,300.5,46,68
3033,298.3,46,55
3034,294.1,46,73
3035,310.4,82,40
3036,310.8,79,76
3037,302.3,93,88
3038,197.6,58,87
3039,307.7,93,88
3040,87.8,46,55
3041,109.5,79,76
3042,219.1,58,32
3043,300.1,46,30
3044,308.0,46,34
3045,197.7,58,12
3046,206.6,58,38
3047,284.8,16,81
3048,279.8,93,88
3049,215.2,58,54
3050,165.8,58,86
3051,103.2,93,88
3052,312.5,46,4
3053,200.4,58,82
3054,103.8,46,66
3055,304.1,46,73
3056,320.2,70,94
3057,99.9,46,34
3058,108.1,40,49
3059,176.0,58,38
3060,295.5,46,68
3061,94.1,40,49
3062,107.9,40,49
3063,104.2,84,18
3064,118.2,90,17
3065,297.3,79,76
3066,303.9,46,59
3067,94.1,46,68
3068,123.6,46,34
3069,91.4,93,88
3070,179.8,58,86
3071,195.1,58,66
3072,103.9,46,7
3073,307.7,82,40
3074,210.2,58,43
3075,295.3,40,49
3076,92.5,46,4
3077,214.4,58,54
3078,108.3,16,81
3079,191.2,58,5
3080,96.4,84,18
3081,100.2,72,41
3082,305.5,46,34
3083,99.4,46,59
3084,217.8,58,54
3085,212.4,58,38
3086,309.4,46,59
3087,327.2,40,49
3088,326.1,40,49
3089,98.2,40,49
3090,213.1,58,45
3091,114.5,46,55
3092,299.1,90,17
3093,99.3,16,81
3094,107.8,46,7
3095,288.1,46,34
3096,191.4,58,81
3097,204.8,58,43
3098,303.2,79,76
3099,213.3,58,86
3100,115.1,82,40
3101,300.2,46,59
3102,198.4,58,66
3103,115.1,16,81
3104,304.0,46,4
3105,206.7,58,43
3106,199.2,58,60
3107,111.4,46,30
3108,103.6,82,40
3109,92.8,46,59
3110,86.7,46,55
3111,309.5,46,4
3112,293.6,46,59
3113,297.4,46,30
3114,199.9,58,67
3115,92.1,46,55
3116,202.2,58,54
3117,101.4,46,7
3118,307.0,46,34
3119,213.5,58,60
3120,196.9,58,12
3121,198.2,58,19
3122,198.2,58,27
3123,219.9,58,31
3124,90.0,46,30
3125,97.7,70,94
3126,206.2,58,31
3127,104.1,93,88
3128,319.0,46,66
3129,187.7,58,79
3130,95.8,46,30
3131,101.4,46,66
3132,277.0,72,41
3133,305.8,70,94
3134,288.2,43,63
3135,304.8,72,41
3136,286.8,82,40
3137,74.6,90,17
3138,190.2,58,61
3139,315.8,64,67
3140,102.3,46,68
3141,99.8,93,88
3142,209.0,58,61
3143,213.1,58,43
3144,186.0,58,60
3145,206.2,58,45
3146,101.8,46,30
3147,309.1,46,7
3148,302.1,84,18
3149,198.8,58,27
3150,96.0,46,7
3151,292.4,46,7
3152,180.4,58,27
3153,86.5,82,40
3154,203.6,58,61
3155,200.1,58,79
3156,308.4,46,68
3157,194.9,58,5
3158,96.7,16,81
3159,193.7,58,5
3160,290.6,93,88
3161,82.6,46,34
3162,208.9,58,12
3163,193.6,58,81
3164,324.0,46,4
3165,98.1,46,66
3166,205.1,58,81
3167,192.7,58,5
3168,113.8,90,17
3169,86.7,79,76
3170,210.4,58,32
3171,117.4,79,76
3172,101.5,70,94
3173,102.5,70,94
3174,310.2,46,66
3175,118.9,93,88
3176,198.7,58,45
3177,293.7,46,4
3178,296.2,43,63
3179,296.0,90,17
3180,81.2,70,94
3181,201.2,58,60
3182,187.3,58,19
3183,200.5,58,61
3184,297.0,46,59
3185,102.5,84,18
3186,105.2,46,73
3187,117.3,46,7
3188,188.0,58,82
3189,195.5,58,19
3190,87.2,46,68
3191,203.0,58,5
3192,110.2,70,94
3193,111.2,46,66
3194,296.7,46,30
3195,120.9,46,73
3196,200.6,58,43
3197,90.3,40,49
3198,100.1,46,34
3199,118.5,46,59
3200,183.1,58,79
3201,89.8,70,94
3202,96.8,46,68
3203,297.6,46,34
3204,305.2,43,63
3205,200.0,58,66
3206,201.1,58,67
3207,103.7,70,94
3208,80.8,43,63
3209,300.4,79,76
3210,100.7,46,4
3211,194.9,58,82
3212,306.0,84,18
3213,311.7,43,63
3214,185.7,58,54
3215,215.9,58,32
3216,226.1,58,31
3217,199.9,58,61
3218,206.4,58,81
3219,85.8,72,41
3220,100.0,46,59
3221,291.1,46,55
3222,101.2,64,67
3223,210.3,58,54
3224,292.8,93,88
3225,296.4,16,81
3226,108.2,46,4
3227,95.4,46,66
3228,208.6,58,86
3229,215.5,58,66
3230,104.9,64,67
3231,206.6,58,60
3232,193.6,58,5
3233,92.9,40,49
3234,118.8,46,7
3235,108.6,46,73
3236,309.0,16,81
3237,206.1,58,12
3238,195.1,58,60
3239,287.4,46,73
3240,202.2,58,45
3241,182.9,58,19
3242,286.1,43,63
3243,183.7,58,82
3244,196.9,58,19
3245,109.4,46,73
3246,308.8,46,55
3247,316.2,90,17
3248,306.0,43,63
3249,96.4,46,68
3250,197.9,58,12
3251,219.6,58,5
3252,301.8,43,63
3253,83.7,72,41
3254,296.1,64,67
3255,196.5,58,87
3256,311.2,72,41
3257,305.6,90,17
3258,323.0,90,17
3259,299.6,16,81
3260,189.2,58,87
3261,105.2,70,94
3262,316.8,46,55
3263,300.2,43,63
3264,304.5,72,41
3265,90.2,46,68
3266,103.2,40,49
3267,109.9,46,34
3268,298.7,43,63
3269,96.7,46,68
3270,183.0,58,5
3271,86.5,46,59
3272,296.8,90,17
3273,110.6,46,73
3274,291.2,79,76
3275,292.5,46,34
3276,193.3,58,86
3277,185.5,58,87
3278,187.2,58,27
3279,312.0,82,40
3280,204.5,58,11
3281,299.4,46,4
3282,201.7,58,27
3283,196.8,58,38
3284,109.2,46,68
3285,294.5,46,73
3286,283.2,46,73
3287,101.8,84,18
3288,270.4,46,68
3289,191.7,58,66
3290,299.8,46,4
3291,289.6,40,49
3292,192.9,58,31
3293,203.8,58,11
3294,298.4,46,59
3295,203.2,58,45
3296,201.4,58,43
3297,208.4,58,54
3298,87.3,40,49
3299,112.2,70,94
3300,192.8,58,81
3301,205.4,58,60
3302,286.0,46,4
3303,104.1,43,63
3304,107.0,46,7
3305,89.4,46,73
3306,200.3,58,43
3307,106.1,46,4
3308,295.7,40,49
3309,304.2,90,17
3310,292.6,90,17
3311,193.0,58,43
3312,199.3,58,31
3313,296.1,82,40
3314,100.9,40,49
3315,100.0,93,88
3316,202.8,58,54
3317,201.0,58,67
3318,83.3,72,41
3319,204.6,58,11
3320,100.0,79,76
3321,311.8,79,76
3322,210.6,58,67
3323,184.4,58,12
3324,104.2,90,17
3325,293.5,79,76
3326,97.7,93,88
3327,97.2,72,41
3328,296.7,46,4
3329,98.4,43,63
3330,181.8,58,81
3331,86.7,90,17
3332,93.2,72,41
3333,100.5,40,49
3334,283.4,43,63
3335,201.3,58,43
3336,97.6,46,7
3337,194.2,58,12
3338,197.8,58,27
3339,287.6,46,7
3340,313.3,72,41
3341,86.9,46,34
3342,193.5,58,60
3343,204.8,58,11
3344,289.3,70,94
3345,115.2,79,76
3346,195.6,58,45
3347,308.8,46,55
3348,307.1,93,88
3349,98.4,46,59
3350,111.2,79,76
3351,306.5,84,18
3352,113.1,43,63
3353,298.4,46,66
3354,84.7,70,94
3355,189.4,58,5
3356,91.9,84,18
3357,301.5,43,63
3358,98.7,46,59
3359,308.6,93,88
3360,73.8,46,66
3361,310.9,46,55
3362,202.8,58,11
3363,96.7,79,76
3364,94.3,40,49
3365,295.8,46,73
3366,125.7,72,41
3367,193.2,58,54
3368,195.2,58,79
3369,191.3,58,67
3370,101.9,46,7
3371,308.2,46,68
3372,294.7,46,34
3373,193.6,58,32
3374,300.5,46,4
3375,296.8,46,59
3376,103.7,93,88
3377,97.8,46,55
3378,179.1,58,5
3379,187.9,58,27
3380,85.7,46,73
3381,299.2,64,67
3382,210.1,58,82
3383,203.8,58,31
3384,303.8,46,73
3385,199.7,58,54
3386,92.8,46,4
3387,190.7,58,19
3388,95.3,70,94
3389,300.3,46,4
3390,198.6,58,27
3391,293.8,46,66
3392,103.0,46,4
3393,274.0,43,63
3394,206.6,58,12
3395,100.1,64,67
3396,200.0,58,27
3397,298.0,72,41
3398,291.5,43,63
3399,304.1,40,49
3400,108.4,93,88
3401,195.7,58,12
3402,306.5,84,18
3403,322.3,46,30
3404,107.4,64,67
3405,199.3,58,67
3406,291.2,43,63
3407,218.8,58,66
3408,295.4,46,30
3409,99.3,79,76
3410,105.8,40,49
3411,209.2,58,5
3412,202.6,58,27
3413,103.9,84,18
3414,317.7,46,68
3415,184.1,58,43
3416,207.3,58,66
3417,83.3,46,59
3418,97.4,46,34
3419,103.4,64,67
3420,187.6,58,87
3421,100.4,84,18
3422,309.8,46,73
3423,303.1,46,34
3424,304.8,46,68
3425,310.3,46,66
3426,299.0,72,41
3427,90.4,82,40
3428,297.9,46,34
3429,98.9,79,76
3430,86.2,46,66
3431,90.9,93,88
3432,189.0,58,45
3433,297.0,46,30
3434,304.0,46,7
3435,210.9,58,79
3436,93.4,46,59
3437,305.3,79,76
3438,299.6,46,66
3439,313.1,46,30
3440,300.3,72,41
3441,109.1,46,4
3442,88.1,46,7
3443,99.5,79,76
3444,196.5,58,61
3445,193.0,58,82
3446,303.4,90,17
3447,200.1,58,86
3448,287.3,93,88
3449,103.6,79,76
3450,300.1,82,40
3451,109.6,79,76
3452,293.3,46,4
3453,190.5,58,11
3454,104.6,46,59
3455,206.6,58,27
3456,101.1,46,68
3457,209.6,58,82
3458,185.2,58,5
3459,290.3,16,81
3460,100.1,72,41
3461,296.5,46,73
3462,98.0,93,88
3463,281.2,70,94
3464,309.2,90,17
3465,97.9,16,81
3466,312.7,70,94
3467,190.1,58,32
3468,316.4,40,49
3469,103.8,46,7
3470,108.5,46,7
3471,204.2,58,60
3472,301.7,46,68
3473,116.4,72,41
3474,93.2,46,4
3475,191.2,58,61
3476,101.7,46,59
3477,100.3,46,34
3478,316.7,43,63
3479,295.1,70,94
3480,283.5,43,63
3481,120.4,46,73
3482,202.1,58,38
3483,312.0,90,17
3484,282.9,46,68
3485,307.9,82,40
3486,300.9,70,94
3487,316.8,46,7
3488,75.7,90,17
3489,205.2,58,86
3490,302.8,16,81
3491,317.3,79,76
3492,198.3,58,60
3493,102.5,84,18
3494,302.3,79,76
3495,214.7,58,66
3496,291.2,82,40
3497,305.3,40,49
3498,111.5,46,68
3499,295.8,43,63
3500,312.8,46,66
3501,95.1,46,34
3502,205.4,58,61
3503,184.4,58,45
3504,203.0,58,66
3505,87.4,16,81
3506,190.0,58,81
3507,299.8,46,59
3508,97.0,46,4
3509,209.9,58,19
3510,107.0,46,68
3511,278.5,70,94
3512,102.1,16,81
3513,321.7,40,49
3514,98.8,79,76
3515,95.5,46,73
3516,289.3,84,18
3517,270.2,46,55
3518,189.4,58,38
3519,296.1,46,30
3520,114.6,70,94
3521,201.4,58,12
3522,106.0,93,88
3523,203.8,58,79
3524,202.1,58,86
3525,83.6,46,34
3526,211.8,58,11
3527,116.7,46,66
3528,193.5,58,79
3529,297.2,43,63
3530,103.7,70,94
3531,295.8,64,67
3532,199.7,58,27
3533,178.8,58,61
3534,129.1,82,40
3535,298.5,46,59
3536,290.3,40,49
3537,200.3,58,82
3538,189.6,58,27
3539,210.2,58,27
3540,282.9,46,7
3541,110.6,46,34
3542,119.1,84,18
3543,322.6,90,17
3544,203.5,58,19
3545,176.6,58,11
3546,198.5,58,19
3547,88.9,64,67
3548,310.5,46,34
3549,110.5,46,73
3550,100.1,46,30
3551,297.4,64,67
3552,189.3,58,45
3553,203.8,58,45
3554,196.7,58,19
3555,108.8,46,55
3556,302.1,82,40
3557,216.9,58,38
3558,180.5,58,82
3559,108.2,46,66
3560,193.9,58,12
3561,309.6,72,41
3562,195.9,58,27
3563,310.1,46,66
3564,297.7,43,63
3565,187.8,58,27
3566,121.3,40,49
3567,300.9,46,7
3568,312.6,46,30
3569,104.3,46,7
3570,196.3,58,79
3571,87.8,16,81
3572,293.0,46,68
3573,300.8,70,94
3574,307.5,64,67
3575,305.0,64,67
3576,85.6,72,41
3577,303.9,46,73
3578,308.4,70,94
3579,303.6,46,4
3580,292.7,46,34
3581,109.7,46,73
3582,112.1,72,41
3583,190.6,58,31
3584,193.0,58,60
3585,211.5,58,87
3586,301.1,46,59
3587,82.9,72,41
3588,294.5,46,34
3589,283.7,16,81
3590,206.3,58,81
3591,90.8,46,68
3592,98.4,79,76
3593,300.2,46,30
3594,299.5,46,73
3595,286.1,90,17
3596,112.5,43,63
3597,106.4,46,34
3598,101.9,46,34
3599,97.2,46,55
3600,195.0,58,19
3601,200.6,58,82
3602,106.9,40,49
3603,298.0,90,17
3604,100.7,82,40
3605,220.2,58,19
3606,197.1,58,67
3607,186.9,58,61
3608,190.2,58,61
3609,195.1,58,79
3610,105.7,84,18
3611,196.1,58,38
3612,99.0,43,63
3613,107.5,93,88
3614,294.4,46,30
3615,298.8,46,30
3616,309.0,46,73
3617,98.4,46,73
3618,103.6,93,88
3619,192.7,58,45
3620,293.7,16,81
3621,306.4,79,76
3622,291.6,46,59
3623,85.9,40,49
3624,184.6,58,43
3625,100.7,64,67
3626,213.8,58,11
3627,178.4,58,66
3628,195.4,58,19
3629,104.7,82,40
3630,106.0,43,63
3631,313.7,90,17
3632,197.7,58,61
3633,99.4,46,4
3634,216.4,58,86
3635,91.3,46,34
3636,208.7,58,82
3637,105.9,84,18
3638,296.1,82,40
3639,299.8,84,18
3640,107.7,46,34
3641,219.0,58,19
3642,301.2,40,49
3643,185.1,58,82
3644,283.7,46,59
3645,305.7,46,34
3646,187.6,58,43
3647,306.0,46,73
3648,188.0,58,86
3649,291.4,46,59
3650,290.9,40,49
3651,197.6,58,43
3652,103.2,46,68
3653,286.4,93,88
3654,214.8,58,86
3655,279.1,46,68
3656,89.6,46,66
3657,104.9,64,67
3658,207.6,58,19
3659,98.6,64,67
3660,307.6,16,81
3661,94.4,40,49
3662,302.0,46,59
3663,196.0,58,66
3664,102.8,43,63
3665,300.1,79,76
3666,308.8,43,63
3667,189.1,58,67
3668,291.7,70,94
3669,113.9,46,34
3670,308.9,82,40
3671,286.1,93,88
3672,186.8,58,5
3673,206.7,58,61
3674,190.7,58,54
3675,210.6,58,79
3676,213.0,58,12
3677,300.5,46,55
3678,203.2,58,66
3679,99.3,46,4
3680,112.6,46,68
3681,105.3,90,17
3682,311.6,43,63
3683,315.4,46,55
3684,305.5,72,41
3685,101.1,82,40
3686,196.3,58,38
3687,185.8,58,43
3688,294.7,72,41
3689,202.5,58,60
3690,310.5,46,4
3691,336.7,72,41
3692,206.4,58,79
3693,88.2,16,81
3694,294.4,46,7
3695,196.6,58,45
3696,295.7,46,4
3697,302.6,46,34
3698,314.0,46,7
3699,93.7,72,41
3700,94.2,46,30
3701,191.2,58,5
3702,306.1,46,59
3703,303.1,16,81
3704,200.8,58,86
3705,201.4,58,38
3706,77.2,43,63
3707,190.0,58,54
3708,311.5,40,49
3709,109.6,46,34
3710,223.8,58,79
3711,101.3,46,55
3712,119.6,46,68
3713,299.8,46,34
3714,120.2,70,94
3715,202.7,58,32
3716,294.9,46,73
3717,305.9,64,67
3718,192.4,58,12
3719,288.2,64,67
3720,84.9,46,66
3721,99.6,16,81
3722,95.1,46,68
3723,207.2,58,66
3724,208.5,58,67
3725,211.5,58,60
3726,196.4,58,45
3727,199.1,58,61
3728,193.7,58,31
3729,85.5,46,73
3730,189.2,58,19
3731,198.1,58,79
3732,208.6,58,31
3733,213.9,58,81
3734,298.2,72,41
3735,287.9,72,41
3736,96.9,93,88
3737,102.7,93,88
3738,195.4,58,87
3739,306.0,82,40
3740,207.4,58,43
3741,301.4,46,30
3742,208.9,58,79
3743,121.9,40,49
3744,297.1,70,94
3745,207.7,58,86
3746,310.5,93,88
3747,293.5,43,63
3748,108.6,82,40
3749,290.8,46,30
3750,90.6,46,66
3751,207.1,58,60
3752,190.8,58,66
3753,105.7,82,40
3754,84.5,46,30
3755,270.0,46,66
3756,200.8,58,61
3757,100.7,46,68
3758,301.3,16,81
3759,296.4,46,68
3760,285.8,70,94
3761,97.3,46,68
3762,99.4,43,63
3763,281.6,40,49
3764,91.3,46,34
3765,299.5,40,49
3766,207.6,58,82
3767,200.2,58,11
3768,303.5,46,66
3769,104.0,46,4
3770,104.8,72,41
3771,104.6,79,76
3772,97.7,46,55
3773,90.8,46,73
3774,96.1,40,49
3775,222.0,58,27
3776,202.7,58,67
3777,283.9,82,40
3778,298.3,46,55
3779,301.8,64,67
3780,298.2,16,81
3781,100.0,46,7
3782,216.2,58,81
3783,201.2,58,86
3784,200.9,58,66
3785,95.4,46,59
3786,196.3,58,45
3787,300.2,46,59
3788,299.8,46,55
3789,103.2,46,30
3790,302.7,46,59
3791,178.0,58,61
3792,188.7,58,81
3793,201.8,58,67
3794,328.5,84,18
3795,297.2,46,73
3796,305.9,16,81
3797,208.0,58,38
3798,283.0,43,63
3799,299.3,40,49
3800,110.3,46,4
3801,203.0,58,5
3802,87.3,46,30
3803,297.6,46,68
3804,97.4,90,17
3805,196.0,58,60
3806,295.6,43,63
3807,192.9,58,87
3808,300.2,46,68
3809,207.7,58,81
3810,87.8,46,68
3811,201.3,58,5
3812,81.7,90,17
3813,108.8,46,73
3814,297.6,93,88
3815,208.8,58,86
3816,319.0,84,18
3817,204.3,58,43
3818,202.8,58,5
3819,192.3,58,31
3820,189.8,58,11
3821,112.2,82,40
3822,100.4,64,67
3823,94.6,79,76
3824,95.5,43,63
3825,198.2,58,12
3826,177.3,58,54
3827,205.9,58,87
3828,215.6,58,27
3829,191.0,58,11
3830,295.2,93,88
3831,100.6,16,81
3832,306.9,46,4
3833,210.8,58,5
3834,295.0,46,59
3835,199.2,58,11
3836,190.9,58,82
3837,209.6,58,79
3838,173.6,58,66
3839,309.2,46,55
3840,206.1,58,54
3841,290.1,46,59
3842,293.8,46,66
3843,288.1,46,34
3844,111.9,90,17
3845,195.4,58,11
3846,307.0,72,41
3847,294.4,46,4
3848,109.5,46,66
3849,90.3,46,55
3850,298.2,46,4
3851,202.4,58,79
3852,182.2,58,19
3853,196.2,58,61
3854,216.4,58,11
3855,297.6,64,67
3856,297.0,82,40
3857,306.9,46,55
3858,192.2,58,19
3859,104.3,84,18
3860,99.5,72,41
3861,98.9,84,18
3862,286.1,46,30
3863,189.0,58,60
3864,90.4,43,63
3865,204.3,58,67
3866,190.1,58,67
3867,200.8,58,32
3868,111.7,16,81
3869,108.1,46,68
3870,215.1,58,54
3871,98.7,46,55
3872,295.1,46,7
3873,296.5,72,41
3874,296.7,46,68
3875,109.4,84,18
3876,106.7,46,30
3877,99.0,46,30
3878,205.0,58,27
3879,313.2,46,55
3880,296.5,64,67
3881,292.7,46,34
3882,197.6,58,11
3883,92.4,46,73
3884,94.1,93,88
3885,109.2,46,4
3886,296.7,90,17
3887,204.1,58,43
3888,192.8,58,43
3889,100.7,46,4
3890,180.6,58,27
3891,292.4,64,67
3892,97.1,46,4
3893,89.7,82,40
3894,196.0,58,86
3895,103.0,16,81
3896,219.1,58,43
3897,281.2,84,18
3898,105.7,84,18
3899,99.8,43,63
3900,185.1,58,31
3901,200.9,58,60
3902,199.9,58,60
3903,101.9,64,67
3904,317.4,46,59
3905,298.2,40,49
3906,200.7,58,81
3907,297.7,46,68
3908,305.6,46,30
3909,88.7,43,63
3910,300.7,46,30
3911,305.4,40,49
3912,194.2,58,5
3913,102.1,40,49
3914,303.9,46,55
3915,121.6,43,63
3916,301.1,93,88
3917,304.1,70,94
3918,185.1,58,45
3919,300.4,82,40
3920,108.1,79,76
3921,287.8,16,81
3922,227.1,58,79
3923,199.7,58,67
3924,300.1,46,34
3925,205.3,58,19
3926,300.0,46,4
3927,198.9,58,31
3928,289.4,70,94
3929,312.4,46,30
3930,312.9,79,76
3931,187.5,58,43
3932,274.8,93,88
3933,198.0,58,5
3934,213.6,58,79
3935,92.9,43,63
3936,101.9,46,66
3937,105.5,46,59
3938,103.8,79,76
3939,81.0,79,76
3940,90.2,82,40
3941,304.9,46,34
3942,97.7,79,76
3943,93.9,46,7
3944,291.0,82,40
3945,316.6,46,68
3946,113.5,90,17
3947,195.9,58,54
3948,102.6,46,73
3949,169.8,58,32
3950,305.7,16,81
3951,202.1,58,19
3952,209.8,58,86
3953,306.2,84,18
3954,184.2,58,54
3955,89.8,46,30
3956,197.7,58,31
3957,286.7,46,68
3958,270.5,16,81
3959,203.8,58,66
3960,100.1,70,94
3961,91.7,46,4
3962,192.4,58,66
3963,202.2,58,79
3964,304.9,90,17
3965,86.7,82,40
3966,214.1,58,66
3967,193.6,58,79
3968,310.1,46,68
3969,210.8,58,45
3970,191.8,58,31
3971,304.0,16,81
3972,188.5,58,27
3973,305.8,82,40
3974,107.3,40,49
3975,314.7,40,49
3976,198.5,58,5
3977,293.1,64,67
3978,300.0,64,67
3979,206.2,58,87
3980,193.4,58,54
3981,111.6,93,88
3982,303.8,46,34
3983,106.3,90,17
3984,192.3,58,79
3985,108.1,82,40
3986,199.2,58,67
3987,191.3,58,60
3988,104.1,43,63
3989,288.2,46,34
3990,202.9,58,19
3991,182.5,58,32
3992,102.3,46,68
3993,206.9,58,87
3994,85.3,46,55
3995,303.1,46,55
3996,305.4,72,41
3997,293.0,84,18
3998,101.8,84,18
3999,203.2,58,45
4000,208.8,58,5
4001,92.6,46,59
4002,219.5,58,31
4003,101.8,46,34
4004,198.7,58,45
4005,295.6,64,67
4006,116.9,46,73
4007,196.2,58,60
4008,321.0,46,73
4009,212.6,58,82
4010,196.0,58,79
4011,189.0,58,31
4012,215.0,58,61
4013,319.4,84,18
4014,113.3,90,17
4015,307.0,70,94
4016,184.8,58,79
4017,89.2,46,4
4018,286.8,46,59
4019,104.6,82,40
4020,107.6,40,49
4021,197.9,58,82
4022,92.2,46,73
4023,208.9,58,43
4024,88.3,46,66
4025,300.5,46,55
4026,88.6,90,17
4027,194.8,58,32
4028,192.7,58,66
4029,286.8,46,73
4030,105.3,46,66
4031,187.7,58,67
4032,95.6,16,81
4033,100.1,46,68
4034,305.7,64,67
4035,206.8,58,82
4036,200.3,58,66
4037,99.5,46,7
4038,204.6,58,31
4039,103.1,40,49
4040,312.9,64,67
4041,200.9,58,31
4042,92.0,46,30
4043,205.6,58,66
4044,203.6,58,45
4045,320.0,46,73
4046,302.8,84,18
4047,215.0,58,87
4048,99.3,64,67
4049,89.1,46,30
4050,182.9,58,19
4051,202.5,58,11
4052,296.0,43,63
4053,305.4,46,34
4054,105.5,46,30
4055,197.5,58,87
4056,111.0,46,34
4057,208.0,58,79
4058,178.0,58,61
4059,307.6,46,34
4060,298.9,46,68
4061,118.6,82,40
4062,305.3,90,17
4063,203.7,58,11
4064,298.8,70,94
4065,290.4,90,17
4066,83.8,16,81
4067,300.5,16,81
4068,118.6,46,30
4069,296.2,40,49
4070,313.7,16,81
4071,295.5,46,7
4072,215.2,58,54
4073,107.2,84,18
4074,114.3,82,40
4075,288.6,46,34
4076,106.5,64,67
4077,107.3,16,81
4078,97.3,46,55
4079,118.0,46,7
4080,197.5,58,45
4081,203.6,58,66
4082,210.4,58,31
4083,192.0,58,32
4084,299.4,46,59
4085,302.4,46,66
4086,116.2,46,66
4087,317.9,43,63
4088,100.8,46,66
4089,202.5,58,54
4090,94.6,72,41
4091,309.2,46,66
4092,202.0,58,87
4093,296.1,79,76
4094,99.0,46,4
4095,110.1,46,7
4096,279.6,46,73
4097,104.4,79,76
4098,92.8,93,88
4099,96.7,70,94
4100,204.3,58,45
4101,323.1,46,55
4102,307.3,46,34
4103,106.7,82,40
4104,106.9,46,34
4105,174.6,58,38
4106,103.4,46,30
4107,204.3,58,82
4108,297.3,90,17
4109,208.1,58,32
4110,113.7,46,66
4111,107.7,82,40
4112,101.1,46,55
4113,301.6,46,55
4114,202.9,58,27
4115,204.4,58,31
4116,187.4,58,60
4117,300.2,82,40
4118,293.3,93,88
4119,302.5,46,73
4120,274.1,46,73
4121,205.6,58,12
4122,218.5,58,82
4123,304.5,46,73
4124,314.3,40,49
4125,85.5,93,88
4126,93.5,46,66
4127,193.7,58,61
4128,207.3,58,27
4129,208.5,58,5
4130,199.5,58,31
4131,304.1,46,4
4132,311.6,46,7
4133,102.8,72,41
4134,191.5,58,60
4135,292.3,72,41
4136,196.2,58,11
4137,315.8,46,73
4138,201.5,58,45
4139,290.6,16,81
4140,209.6,58,31
4141,314.9,70,94
4142,223.1,58,60
4143,212.1,58,11
4144,111.7,90,17
4145,196.2,58,5
4146,193.4,58,82
4147,212.5,58,45
4148,117.8,72,41
4149,202.5,58,87
4150,84.9,84,18
4151,115.6,40,49
4152,103.9,46,59
4153,97.8,79,76
4154,194.7,58,19
4155,296.5,64,67
4156,92.0,90,17
4157,107.9,46,34
4158,307.9,46,73
4159,315.1,72,41
4160,289.6,46,66
4161,102.5,70,94
4162,83.7,46,55
4163,99.7,46,7
4164,95.7,46,68
4165,208.8,58,81
4166,194.4,58,81
4167,101.3,46,34
4168,101.2,46,4
4169,293.3,84,18
4170,287.4,43,63
4171,306.6,46,59
4172,93.5,16,81
4173,91.1,16,81
4174,94.9,46,34
4175,206.3,58,82
4176,199.2,58,67
4177,301.3,79,76
4178,302.6,40,49
4179,203.3,58,12
4180,281.1,46,73
4181,206.6,58,32
4182,196.4,58,38
4183,293.3,16,81
4184,302.3,64,67
4185,101.6,46,34
4186,289.7,46,7
4187,105.8,93,88
4188,294.5,40,49
4189,103.1,46,30
4190,96.9,46,66
4191,297.4,46,7
4192,96.7,46,7
4193,107.4,90,17
4194,201.7,58,66
4195,296.0,46,73
4196,117.2,16,81
4197,221.7,58,32
4198,114.8,70,94
4199,316.5,90,17
4200,199.1,58,86
4201,99.4,46,34
4202,198.5,58,86
4203,293.0,46,68
4204,293.1,90,17
4205,205.2,58,67
4206,299.4,46,59
4207,288.6,82,40
4208,102.1,72,41
4209,299.6,46,7
4210,306.1,16,81
4211,310.4,46,59
4212,83.1,90,17
4213,299.0,84,18
4214,302.3,46,7
4215,204.8,58,61
4216,200.2,58,67
4217,191.5,58,19
4218,96.7,79,76
4219,294.8,46,73
4220,274.1,93,88
4221,313.7,40,49
4222,81.7,90,17
4223,75.9,64,67
4224,296.6,46,7
4225,115.0,46,34
4226,99.5,46,34
4227,205.3,58,32
4228,297.6,46,34
4229,88.0,46,34
4230,297.4,46,30
4231,103.9,46,73
4232,299.1,46,30
4233,96.8,93,88
4234,80.4,46,4
4235,192.8,58,66
4236,284.3,46,73
4237,99.0,84,18
4238,294.7,46,73
4239,316.2,40,49
4240,213.2,58,27
4241,101.0,84,18
4242,310.7,46,66
4243,306.8,46,59
4244,310.4,46,73
4245,98.7,46,30
4246,293.1,43,63
4247,190.1,58,81
4248,101.3,46,7
4249,208.2,58,81
4250,211.2,58,60
4251,207.8,58,54
4252,211.5,58,54
4253,186.3,58,32
4254,97.2,43,63
4255,302.3,46,59
4256,189.3,58,11
4257,206.2,58,82
4258,110.4,46,73
4259,310.3,46,34
4260,296.3,46,73
4261,197.3,58,66
4262,189.0,58,32
4263,109.9,79,76
4264,306.1,46,30
4265,210.9,58,67
4266,298.9,46,30
4267,303.8,72,41
4268,200.1,58,61
4269,313.7,46,7
4270,298.8,40,49
4271,110.5,46,34
4272,195.4,58,81
4273,223.7,58,86
4274,195.0,58,31
4275,97.7,46,66
4276,188.1,58,5
4277,309.2,46,4
4278,93.8,40,49
4279,113.9,43,63
4280,188.1,58,81
4281,212.7,58,60
4282,212.5,58,38
4283,288.9,64,67
4284,97.5,16,81
4285,92.5,82,40
4286,291.6,46,66
4287,204.8,58,43
4288,219.8,58,86
4289,306.5,79,76
4290,294.2,46,55
4291,205.4,58,5
4292,101.4,46,68
4293,205.7,58,81
4294,284.9,46,30
4295,206.7,58,5
4296,106.7,46,30
4297,289.3,46,55
4298,308.6,46,30
4299,97.7,40,49
4300,294.9,46,59
4301,189.9,58,12
4302,110.0,84,18
4303,108.4,40,49
4304,187.1,58,60
4305,186.8,58,66
4306,304.4,79,76
4307,200.2,58,11
4308,215.2,58,81
4309,121.3,70,94
4310,94.4,46,30
4311,302.9,79,76
4312,314.2,46,55
4313,313.7,46,4
4314,294.4,16,81
4315,204.1,58,82
4316,204.9,58,67
4317,199.4,58,79
4318,99.5,46,55
4319,208.7,58,32
4320,301.8,46,66
4321,298.2,46,59
4322,294.7,46,55
4323,104.6,46,7
4324,201.9,58,79
4325,288.5,93,88
4326,312.3,72,41
4327,202.6,58,66
4328,94.2,46,59
4329,284.9,46,7
4330,201.9,58,27
4331,324.7,82,40
4332,102.4,16,81
4333,90.2,82,40
4334,287.1,46,30
4335,113.6,64,67
4336,84.2,79,76
4337,281.3,93,88
4338,316.1,46,73
4339,194.9,58,19
4340,205.7,58,12
4341,277.8,46,30
4342,208.5,58,86
4343,194.2,58,82
4344,291.7,46,7
4345,210.1,58,82
4346,286.8,46,73
4347,184.4,58,86
4348,217.2,58,86
4349,197.6,58,79
4350,300.6,40,49
4351,108.1,64,67
4352,95.5,93,88
4353,214.1,58,11
4354,101.7,82,40
4355,195.8,58,19
4356,200.3,58,87
4357,302.2,40,49
4358,297.1,16,81
4359,99.8,46,66
4360,91.0,46,66
4361,201.7,58,61
4362,90.3,84,18
4363,297.1,84,18
4364,87.9,46,73
4365,95.4,84,18
4366,86.9,40,49
4367,299.5,46,55
4368,95.6,46,68
4369,104.9,46,66
4370,98.0,70,94
4371,295.9,72,41
4372,89.8,46,4
4373,303.4,46,59
4374,86.3,46,34
4375,196.3,58,32
4376,182.6,58,79
4377,296.1,46,59
4378,106.8,46,7
4379,109.9,46,68
4380,298.9,43,63
4381,89.9,90,17
4382,96.4,70,94
4383,311.2,79,76
4384,302.4,46,34
4385,311.4,90,17
4386,196.0,58,60
4387,97.6,46,34
4388,284.6,46,55
4389,187.8,58,32
4390,197.1,58,60
4391,295.9,46,68
4392,83.9,46,4
4393,297.9,84,18
4394,84.4,16,81
4395,201.9,58,31
4396,106.4,79,76
4397,206.3,58,79
4398,290.5,46,66
4399,292.3,46,59
4400,96.7,84,18
4401,196.6,58,54
4402,205.4,58,45
4403,198.6,58,19
4404,188.1,58,82
4405,86.1,46,30
4406,181.6,58,86
4407,202.0,58,38
4408,97.5,90,17
4409,297.6,46,7
4410,209.8,58,31
4411,214.2,58,66
4412,99.1,16,81
4413,318.3,46,59
4414,96.3,46,55
4415,315.4,46,30
4416,106.5,90,17
4417,271.0,79,76
4418,96.0,40,49
4419,316.9,46,55
4420,321.7,40,49
4421,295.0,79,76
4422,102.8,46,68
4423,200.6,58,43
4424,201.1,58,43
4425,88.3,46,59
4426,74.4,79,76
4427,99.4,72,41
4428,98.4,84,18
4429,284.2,46,4
4430,203.4,58,43
4431,179.0,58,79
4432,290.3,46,4
4433,197.3,58,79
4434,205.8,58,45
4435,196.9,58,32
4436,196.8,58,54
4437,309.1,64,67
4438,201.5,58,32
4439,212.5,58,12
4440,204.4,58,45
4441,288.1,93,88
4442,92.8,46,34
4443,79.4,46,4
4444,294.4,46,66
4445,92.5,46,4
4446,198.5,58,79
4447,209.7,58,31
4448,191.2,58,79
4449,202.0,58,79
4450,116.6,93,88
4451,292.0,43,63
4452,199.6,58,86
4453,119.8,93,88
4454,289.9,43,63
4455,105.3,46,66
4456,97.6,46,4
4457,291.5,43,63
4458,297.6,46,30
4459,183.8,58,60
4460,85.8,82,40
4461,198.8,58,86
4462,298.4,46,34
4463,314.0,46,30
4464,203.6,58,86
4465,292.0,46,4
4466,208.2,58,54
4467,116.7,16,81
4468,311.9,46,66
4469,94.8,40,49
4470,107.2,46,59
4471,306.5,46,59
4472,193.8,58,38
4473,204.0,58,43
4474,315.7,93,88
4475,301.8,72,41
4476,308.5,72,41
4477,306.6,72,41
4478,306.2,82,40
4479,207.4,58,12
4480,97.8,93,88
4481,309.0,79,76
4482,301.2,46,34
4483,298.9,46,4
4484,200.4,58,43
4485,309.1,46,7
4486,116.0,93,88
4487,214.2,58,27
4488,315.8,43,63
4489,98.6,72,41
4490,101.0,90,17
4491,190.2,58,38
4492,199.4,58,45
4493,105.5,46,34
4494,204.7,58,32
4495,306.0,46,34
4496,80.9,46,59
4497,296.7,46,34
4498,197.0,58,82
4499,302.7,46,7
4500,96.1,46,55
4501,295.6,46,59
4502,204.2,58,19
4503,312.6,79,76
4504,111.6,82,40
4505,292.8,46,34
4506,297.3,16,81
4507,310.5,40,49
4508,108.1,46,55
4509,106.6,46,66
4510,308.8,93,88
4511,195.0,58,31
4512,292.8,43,63
4513,97.4,84,18
4514,204.5,58,66
4515,297.9,46,55
4516,294.5,46,66
4517,92.0,72,41
4518,196.7,58,81
4519,290.0,46,68
4520,295.2,79,76
4521,329.8,72,41
4522,108.0,46,66
4523,92.9,82,40
4524,198.6,58,12
4525,193.0,58,82
4526,205.5,58,87
4527,292.6,46,7
4528,298.3,84,18
4529,206.4,58,86
4530,190.3,58,79
4531,308.2,46,30
4532,192.9,58,31
4533,308.9,70,94
4534,93.4,16,81
4535,311.0,46,68
4536,201.7,58,61
4537,94.6,70,94
4538,204.0,58,11
4539,93.8,46,73
4540,98.7,46,30
4541,272.5,46,7
4542,284.7,46,34
4543,82.6,84,18
4544,100.9,46,4
4545,302.8,70,94
4546,197.2,58,5
4547,308.7,72,41
4548,294.3,43,63
4549,296.3,46,66
4550,295.0,46,73
4551,304.6,90,17
4552,295.7,46,34
4553,108.7,79,76
4554,93.5,46,66
4555,109.4,46,30
4556,197.0,58,45
4557,304.1,79,76
4558,91.6,46,66
4559,202.7,58,45
4560,304.1,79,76
4561,112.3,46,7
4562,215.0,58,86
4563,208.4,58,54
4564,220.2,58,86
4565,89.5,43,63
4566,101.2,79,76
4567,195.0,58,32
4568,318.0,43,63
4569,104.1,93,88
4570,300.3,46,7
4571,292.0,43,63
4572,190.8,58,38
4573,195.1,58,31
4574,194.1,58,5
4575,203.1,58,32
4576,114.7,70,94
4577,206.5,58,54
4578,98.2,46,30
4579,318.3,84,18
4580,311.8,64,67
4581,296.6,46,55
4582,207.2,58,12
4583,303.7,46,66
4584,105.6,93,88
4585,200.4,58,66
4586,306.4,84,18
4587,301.9,46,55
4588,93.2,40,49
4589,115.0,46,7
4590,99.3,43,63
4591,91.4,93,88
4592,288.0,43,63
4593,181.1,58,60
4594,95.1,70,94
4595,309.9,46,55
4596,83.2,46,34
4597,201.2,58,61
4598,303.9,90,17
4599,200.1,58,81
4600,302.7,93,88
4601,314.6,93,88
4602,299.5,79,76
4603,307.8,46,55
4604,91.2,46,34
4605,304.0,70,94
4606,198.3,58,54
4607,115.2,82,40
4608,207.0,58,54
4609,289.3,84,18
4610,107.4,46,4
4611,189.3,58,86
4612,197.1,58,32
4613,291.7,46,4
4614,309.6,84,18
4615,98.2,72,41
4616,79.5,93,88
4617,200.1,58,38
4618,112.6,70,94
4619,106.1,46,30
4620,307.7,72,41
4621,104.7,46,34
4622,300.0,46,68
4623,111.2,90,17
4624,91.1,79,76
4625,298.9,46,7
4626,201.0,58,11
4627,192.3,58,61
4628,92.9,70,94
4629,87.5,46,34
4630,197.6,58,12
4631,173.1,58,45
4632,207.9,58,79
4633,192.4,58,38
4634,304.2,46,66
4635,89.0,46,73
4636,303.1,46,7
4637,201.2,58,67
4638,187.7,58,79
4639,100.3,46,34
4640,197.8,58,45
4641,296.4,46,55
4642,188.1,58,54
4643,95.3,90,17
4644,91.2,43,63
4645,200.4,58,81
4646,197.2,58,5
4647,193.1,58,31
4648,111.0,43,63
4649,95.5,90,17
4650,295.2,46,66
4651,322.4,46,68
4652,99.6,46,68
4653,198.9,58,32
4654,196.2,58,87
4655,119.5,46,30
4656,301.9,46,7
4657,85.5,72,41
4658,194.5,58,43
4659,70.7,93,88
4660,174.9,58,19
4661,292.2,90,17
4662,100.4,82,40
4663,201.3,58,27
4664,193.1,58,81
4665,300.8,90,17
4666,209.3,58,12
4667,307.5,90,17
4668,314.1,79,76
4669,97.4,90,17
4670,312.0,82,40
4671,84.2,79,76
4672,82.6,46,68
4673,202.1,58,61
4674,99.5,46,66
4675,95.7,46,30
4676,313.5,79,76
4677,115.5,84,18
4678,314.4,43,63
4679,194.6,58,31
4680,189.6,58,5
4681,96.2,46,73
4682,112.7,64,67
4683,306.7,93,88
4684,289.4,72,41
4685,87.5,90,17
4686,195.1,58,19
4687,296.8,93,88
4688,304.6,64,67
4689,87.4,46,55
4690,302.1,46,7
4691,202.0,58,67
4692,106.2,43,63
4693,305.6,84,18
4694,207.8,58,31
4695,191.6,58,38
4696,207.4,58,32
4697,319.4,90,17
4698,202.2,58,11
4699,106.5,46,66
4700,287.5,82,40
4701,99.6,46,68
4702,117.1,79,76
4703,200.5,58,54
4704,189.5,58,66
4705,198.1,58,19
4706,210.2,58,32
4707,303.8,46,68
4708,305.9,40,49
4709,114.3,46,66
4710,114.3,40,49
4711,299.2,46,34
4712,193.6,58,82
4713,210.5,58,60
4714,90.8,46,55
4715,199.4,58,38
4716,308.2,82,40
4717,302.9,46,7
4718,213.5,58,87
4719,107.1,84,18
4720,95.6,46,7
4721,106.6,84,18
4722,114.1,46,55
4723,290.4,64,67
4724,104.7,70,94
4725,296.4,46,68
4726,97.2,46,59
4727,101.4,46,55
4728,101.6,46,30
4729,189.5,58,54
4730,88.4,46,73
4731,109.8,46,4
4732,287.3,70,94
4733,91.6,16,81
4734,81.2,46,34
4735,210.0,58,32
4736,86.4,79,76
4737,106.8,46,7
4738,95.2,43,63
4739,293.4,90,17
4740,92.7,46,34
4741,202.5,58,27
4742,83.5,70,94
4743,202.1,58,12
4744,294.3,46,7
4745,102.9,46,59
4746,113.7,93,88
4747,195.8,58,67
4748,322.6,72,41
4749,112.7,82,40
4750,89.2,90,17
4751,197.3,58,81
4752,309.3,79,76
4753,184.5,58,43
4754,304.7,70,94
4755,219.7,58,87
4756,301.4,70,94
4757,298.2,46,4
4758,189.5,58,60
4759,296.4,46,30
4760,110.1,46,4
4761,200.6,58,54
4762,99.8,82,40
4763,112.1,82,40
4764,94.8,46,30
4765,93.3,46,34
4766,316.3,46,4
4767,98.6,64,67
4768,114.4,84,18
4769,205.1,58,19
4770,98.0,90,17
4771,102.7,16,81
4772,213.2,58,67
4773,207.7,58,82
4774,311.1,70,94
4775,289.9,79,76
4776,102.3,46,34
4777,205.7,58,11
4778,111.8,79,76
4779,312.5,84,18
4780,175.9,58,82
4781,209.8,58,67
4782,191.4,58,19
4783,100.1,46,7
4784,311.3,90,17
4785,177.4,58,82
4786,302.7,79,76
4787,208.8,58,60
4788,101.1,46,4
4789,88.3,46,34
4790,91.9,64,67
4791,104.6,84,18
4792,118.0,46,30
4793,203.1,58,54
4794,304.1,70,94
4795,189.7,58,5
4796,283.6,70,94
4797,203.2,58,19
4798,285.0,46,68
4799,313.6,46,55
4800,100.1,70,94
4801,206.6,58,81
4802,187.7,58,87
4803,212.3,58,67
4804,96.6,90,17
4805,309.2,46,7
4806,306.8,46,34
4807,99.5,46,59
4808,92.9,46,66
4809,286.3,46,66
4810,279.1,46,4
4811,195.0,58,67
4812,290.7,82,40
4813,204.0,58,87
4814,107.5,72,41
4815,319.6,72,41
4816,196.8,58,82
4817,104.8,46,30
4818,186.8,58,86
4819,316.0,84,18
4820,195.3,58,87
4821,85.0,93,88
4822,207.3,58,45
4823,200.1,58,38
4824,190.2,58,45
4825,307.8,46,30
4826,217.4,58,87
4827,80.6,46,73
4828,314.6,64,67
4829,205.9,58,31
4830,297.2,46,55
4831,288.1,46,66
4832,103.4,46,4
4833,102.8,46,59
4834,90.3,46,59
4835,103.7,64,67
4836,294.6,40,49
4837,100.9,70,94
4838,306.8,46,55
4839,87.5,72,41
4840,188.0,58,60
4841,194.0,58,27
4842,276.6,46,59
4843,212.2,58,67
4844,110.8,64,67
4845,307.6,72,41
4846,311.8,46,73
4847,223.5,58,38
4848,220.3,58,60
4849,304.5,79,76
4850,197.3,58,87
4851,194.0,58,61
4852,298.7,46,4
4853,199.2,58,87
4854,89.0,90,17
4855,99.9,46,59
4856,295.1,46,68
4857,300.5,46,73
4858,113.4,46,68
4859,318.0,79,76
4860,193.6,58,12
4861,195.2,58,86
4862,87.4,46,55
4863,218.4,58,38
4864,198.5,58,12
4865,97.9,72,41
4866,85.6,46,34
4867,117.5,64,67
4868,311.2,40,49
4869,300.7,16,81
4870,102.6,43,63
4871,191.0,58,60
4872,189.5,58,54
4873,296.5,43,63
4874,307.8,46,7
4875,293.6,46,68
4876,179.5,58,67
4877,293.8,64,67
4878,207.0,58,11
4879,296.7,43,63
4880,306.5,84,18
4881,194.8,58,61
4882,102.8,82,40
4883,208.5,58,19
4884,187.7,58,81
4885,105.0,46,66
4886,100.4,43,63
4887,183.7,58,38
4888,197.7,58,54
4889,315.5,79,76
4890,308.8,46,66
4891,289.0,46,4
4892,181.0,58,31
4893,289.5,46,30
4894,316.6,46,66
4895,96.8,72,41
4896,97.3,93,88
4897,306.4,46,68
4898,212.4,58,54
4899,301.4,46,66
4900,105.9,46,4
4901,196.6,58,60
4902,124.0,46,30
4903,187.6,58,86
4904,99.0,46,30
4905,207.6,58,27
4906,293.8,46,59
4907,192.3,58,67
4908,89.0,70,94
4909,205.7,58,43
4910,188.2,58,5
4911,85.8,72,41
4912,302.2,16,81
4913,201.0,58,11
4914,91.3,16,81
4915,295.4,16,81
4916,201.1,58,32
4917,95.4,16,81
4918,107.9,16,81
4919,198.6,58,45
4920,199.8,58,19
4921,283.4,46,68
4922,87.9,46,59
4923,287.8,79,76
4924,290.7,72,41
4925,90.2,84,18
4926,88.9,90,17
4927,305.9,70,94
4928,311.4,16,81
4929,210.2,58,38
4930,112.2,70,94
4931,106.6,46,68
4932,205.4,58,11
4933,278.1,46,55
4934,295.2,46,34
4935,199.2,58,5
4936,212.5,58,43
4937,199.7,58,43
4938,195.9,58,19
4939,89.2,72,41
4940,306.8,84,18
4941,308.7,46,73
4942,94.4,93,88
4943,113.7,43,63
4944,217.1,58,81
4945,95.7,46,66
4946,277.3,46,4
4947,312.1,46,55
4948,300.4,90,17
4949,284.8,70,94
4950,95.4,64,67
4951,102.5,84,18
4952,196.6,58,38
4953,199.7,58,45
4954,301.8,90,17
4955,213.2,58,38
4956,204.7,58,81
4957,267.5,70,94
4958,94.4,46,59
4959,104.4,84,18
4960,179.6,58,5
4961,300.8,46,4
4962,294.1,40,49
4963,273.9,46,4
4964,115.1,84,18
4965,80.4,46,55
4966,211.0,58,45
4967,301.9,46,55
4968,199.9,58,54
4969,111.1,72,41
4970,196.8,58,43
4971,299.5,79,76
4972,211.5,58,81
4973,89.1,93,88
4974,106.8,46,7
4975,294.7,64,67
4976,91.4,46,4
4977,300.0,46,73
4978,84.3,46,30
4979,88.6,70,94
4980,198.3,58,67
4981,203.6,58,87
4982,310.0,79,76
4983,296.9,46,34
4984,94.9,46,55
4985,202.1,58,82
4986,283.5,46,73
4987,200.2,58,86
4988,307.0,84,18
4989,98.1,40,49
4990,204.7,58,82
4991,302.7,64,67
4992,201.9,58,87
4993,319.4,43,63
4994,211.2,58,67
4995,103.4,79,76
4996,296.9,46,59
4997,199.9,58,60
4998,291.4,70,94
4999,189.3,58,27
5000,299.4,93,88
5001,98.9,64,67
5002,285.8,93,88
5003,95.7,70,94
5004,218.1,58,66
5005,199.1,58,82
5006,101.7,46,68
5007,94.5,40,49
5008,67.6,84,18
5009,297.6,46,68
5010,171.5,58,45
5011,286.7,93,88
5012,202.4,58,81
5013,96.5,84,18
5014,198.3,58,86
5015,297.1,46,73
5016,97.4,43,63
5017,83.1,46,68
5018,314.4,46,59
5019,284.1,46,59
5020,92.6,46,4
5021,212.9,58,86
5022,88.8,93,88
5023,99.8,46,59
5024,315.3,46,59
5025,104.2,70,94
5026,296.5,46,4
5027,181.3,58,81
5028,303.6,16,81
5029,217.9,58,54
5030,207.0,58,19
5031,97.3,46,4
5032,92.0,16,81
5033,194.7,58,5
5034,92.9,70,94
5035,195.0,58,5
5036,96.9,82,40
5037,212.9,58,67
5038,300.9,46,66
5039,289.1,46,34
5040,106.2,46,55
5041,314.6,43,63
5042,297.7,40,49
5043,300.9,90,17
5044,199.9,58,60
5045,89.1,46,7
5046,298.1,16,81
5047,189.1,58,12
5048,298.8,16,81
5049,288.0,46,34
5050,98.5,90,17
5051,102.3,46,34
5052,204.4,58,60
5053,183.7,58,27
5054,106.1,93,88
5055,97.5,46,73
5056,93.3,82,40
5057,198.3,58,5
5058,206.9,58,45
5059,102.9,79,76
5060,117.0,46,73
5061,300.7,46,4
5062,299.3,90,17
5063,186.1,58,54
5064,99.7,46,68
5065,207.7,58,27
5066,93.0,46,7
5067,206.0,58,38
5068,203.6,58,32
5069,205.2,58,87
5070,104.4,93,88
5071,91.5,70,94
5072,199.4,58,5
5073,96.1,72,41
5074,204.4,58,11
5075,307.2,46,30
5076,313.9,84,18
5077,95.5,72,41
5078,117.5,46,66
5079,103.8,46,66
5080,299.0,46,4
5081,197.2,58,32
5082,108.7,46,59
5083,299.3,40,49
5084,83.2,46,73
5085,288.0,46,66
5086,103.6,64,67
5087,311.1,46,73
5088,315.7,70,94
5089,288.1,46,68
5090,296.4,90,17
5091,277.7,46,30
5092,314.2,46,59
5093,209.5,58,86
5094,90.1,46,30
5095,198.7,58,31
5096,304.3,46,4
5097,106.4,72,41
5098,109.4,46,7
5099,287.1,46,34
5100,296.2,46,4
5101,201.5,58,86
5102,94.3,79,76
5103,300.4,46,68
5104,208.0,58,11
5105,205.8,58,11
5106,321.7,79,76
5107,188.3,58,66
5108,298.2,46,59
5109,102.3,43,63
5110,293.5,93,88
5111,309.2,90,17
5112,303.4,64,67
5113,314.3,90,17
5114,296.2,43,63
5115,292.1,72,41
5116,105.0,43,63
5117,307.3,46,73
5118,221.3,58,86
5119,94.7,46,30
5120,299.4,79,76
5121,285.2,46,7
5122,120.8,84,18
5123,298.8,46,34
5124,93.0,64,67
5125,181.1,58,12
5126,89.6,72,41
5127,304.8,84,18
5128,188.1,58,38
5129,194.9,58,12
5130,98.4,46,66
5131,193.2,58,66
5132,311.6,16,81
5133,192.5,58,43
5134,103.8,46,4
5135,207.8,58,87
5136,302.2,79,76
5137,95.0,46,59
5138,121.2,46,55
5139,200.0,58,87
5140,118.3,82,40
5141,291.5,16,81
5142,290.0,84,18
5143,193.2,58,45
5144,301.2,40,49
5145,278.4,72,41
5146,290.4,46,34
5147,198.2,58,67
5148,289.8,40,49
5149,99.6,43,63
5150,185.6,58,79
5151,211.2,58,43
5152,100.1,43,63
5153,184.5,58,12
5154,99.7,43,63
5155,299.7,43,63
5156,306.7,46,68
5157,113.6,79,76
5158,193.3,58,60
5159,91.7,64,67
5160,285.0,43,63
5161,185.2,58,19
5162,206.9,58,38
5163,227.1,58,31
5164,305.8,90,17
5165,297.0,16,81
5166,205.7,58,61
5167,192.2,58,32
5168,98.9,46,73
5169,113.1,93,88
5170,211.7,58,66
5171,80.1,46,55
5172,99.4,79,76
5173,299.0,46,68
5174,85.5,84,18
5175,203.5,58,43
5176,300.5,46,30
5177,109.8,82,40
5178,206.3,58,31
5179,85.8,46,59
5180,192.1,58,82
5181,106.6,90,17
5182,275.4,46,30
5183,323.0,46,34
5184,207.0,58,43
5185,88.3,72,41
5186,204.8,58,12
5187,313.8,84,18
5188,99.7,64,67
5189,194.9,58,67
5190,101.2,79,76
5191,301.2,46,30
5192,298.1,46,55
5193,108.1,64,67
5194,109.6,46,34
5195,102.2,70,94
5196,308.2,16,81
5197,89.4,43,63
5198,187.6,58,82
5199,313.4,40,49
5200,91.5,46,59
5201,208.9,58,12
5202,77.5,16,81
5203,188.4,58,81
5204,303.6,46,59
5205,201.1,58,45
5206,294.3,70,94
5207,285.1,46,66
5208,97.6,90,17
5209,305.2,90,17
5210,313.1,46,66
5211,195.0,58,54
5212,203.2,58,19
5213,105.8,40,49
5214,91.6,64,67
5215,89.9,84,18
5216,303.0,46,55
5217,311.8,70,94
5218,189.8,58,19
5219,97.0,72,41
5220,291.9,82,40
5221,296.5,90,17
5222,88.4,43,63
5223,201.5,58,43
5224,112.6,46,68
5225,201.6,58,27
5226,85.0,16,81
5227,299.0,16,81
5228,109.5,46,34
5229,89.6,46,30
5230,196.7,58,66
5231,192.8,58,61
5232,290.5,46,7
5233,98.1,72,41
5234,98.3,46,4
5235,307.2,70,94
5236,309.7,79,76
5237,89.1,93,88
5238,296.7,46,73
5239,300.2,72,41
5240,297.0,70,94
5241,316.3,16,81
5242,219.3,58,31
5243,204.2,58,5
5244,191.1,58,12
5245,179.0,58,67
5246,204.9,58,38
5247,209.7,58,43
5248,211.0,58,87
5249,289.6,46,30
5250,299.3,46,4
5251,305.1,46,73
5252,310.5,46,68
5253,92.2,46,30
5254,199.4,58,5
5255,302.8,46,66
5256,279.1,46,55
5257,104.5,46,68
5258,317.8,70,94
5259,292.5,46,68
5260,281.3,46,4
5261,321.5,46,4
5262,284.7,40,49
5263,197.5,58,12
5264,187.3,58,86
5265,204.0,58,81
5266,308.8,46,7
5267,317.2,82,40
5268,82.5,46,55
5269,182.1,58,67
5270,100.7,46,66
5271,108.7,46,4
5272,293.6,84,18
5273,191.8,58,67
5274,298.8,64,67
5275,307.7,70,94
5276,115.7,46,66
5277,122.6,93,88
5278,198.5,58,12
5279,108.3,93,88
5280,303.5,40,49
5281,204.2,58,67
5282,304.0,46,34
5283,209.4,58,82
5284,100.2,64,67
5285,99.2,46,55
5286,202.2,58,79
5287,194.2,58,31
5288,290.0,46,66
5289,85.3,82,40
5290,302.8,79,76
5291,189.1,58,27
5292,324.3,70,94
5293,281.0,70,94
5294,96.2,16,81
5295,209.3,58,5
5296,108.3,16,81
5297,107.8,46,55
5298,303.0,43,63
5299,203.0,58,27
5300,316.3,46,30
5301,194.2,58,66
5302,281.0,46,30
5303,201.2,58,38
5304,97.4,46,68
5305,95.5,90,17
5306,280.3,64,67
5307,202.5,58,5
5308,100.6,40,49
5309,195.0,58,45
5310,287.5,46,68
5311,102.0,46,73
5312,207.0,58,19
5313,308.5,82,40
5314,199.4,58,82
5315,298.9,90,17
5316,105.0,64,67
5317,294.3,90,17
5318,294.9,79,76
5319,291.3,46,68
5320,208.7,58,87
5321,196.0,58,87
5322,183.7,58,81
5323,184.9,58,12
5324,309.1,46,66
5325,178.6,58,27
5326,299.1,79,76
5327,310.1,46,66
5328,118.8,43,63
5329,306.6,46,66
5330,211.8,58,82
5331,120.2,46,7
5332,292.3,72,41
5333,295.3,93,88
5334,318.1,90,17
5335,201.4,58,12
5336,322.7,46,59
5337,293.4,90,17
5338,89.8,46,34
5339,93.3,46,73
5340,111.7,40,49
5341,209.6,58,66
5342,102.0,46,66
5343,292.4,46,55
5344,192.4,58,45
5345,288.7,84,18
5346,91.8,84,18
5347,310.6,82,40
5348,188.3,58,54
5349,117.5,64,67
5350,108.0,79,76
5351,85.7,72,41
5352,296.7,72,41
5353,201.7,58,31
5354,93.5,46,7
5355,297.3,72,41
5356,194.1,58,43
5357,311.2,84,18
5358,298.5,46,55
5359,113.6,79,76
5360,223.9,58,38
5361,92.6,70,94
5362,92.9,40,49
5363,108.5,46,7
5364,213.9,58,61
5365,86.5,16,81
5366,298.4,90,17
5367,208.4,58,79
5368,192.0,58,19
5369,202.4,58,61
5370,310.9,84,18
5371,312.5,46,55
5372,310.2,46,59
5373,97.7,46,55
5374,93.3,46,66
5375,88.9,40,49
5376,195.2,58,38
5377,79.1,16,81
5378,100.4,16,81
5379,318.2,16,81
5380,95.2,40,49
5381,204.8,58,38
5382,288.1,79,76
5383,97.5,40,49
5384,297.9,90,17
5385,299.1,46,73
5386,305.8,79,76
5387,196.8,58,38
5388,112.4,72,41
5389,77.7,16,81
5390,304.8,16,81
5391,315.3,46,68
5392,302.3,46,73
5393,208.9,58,19
5394,180.9,58,61
5395,92.9,46,73
5396,291.7,70,94
5397,208.7,58,31
5398,105.4,82,40
5399,102.2,79,76
5400,189.9,58,66
5401,284.1,46,68
5402,191.0,58,86
5403,202.0,58,5
5404,301.9,46,34
5405,207.4,58,60
5406,107.9,16,81
5407,103.3,46,73
5408,213.1,58,12
5409,294.0,79,76
5410,101.2,70,94
5411,195.0,58,32
5412,280.5,90,17
5413,292.9,46,68
5414,287.7,46,73
5415,216.1,58,32
5416,182.2,58,81
5417,113.7,40,49
5418,197.9,58,60
5419,189.5,58,27
5420,208.3,58,81
5421,306.0,46,73
5422,105.3,72,41
5423,298.3,64,67
5424,286.2,40,49
5425,210.0,58,32
5426,95.9,16,81
5427,313.3,46,30
5428,92.1,46,73
5429,202.5,58,87
5430,197.6,58,79
5431,284.0,46,73
5432,200.1,58,79
5433,105.6,43,63
5434,206.4,58,38
5435,294.5,43,63
5436,108.9,46,68
5437,312.6,90,17
5438,220.5,58,43
5439,291.6,46,68
5440,176.4,58,60
5441,207.3,58,27
5442,211.0,58,61
5443,98.2,43,63
5444,218.0,58,27
5445,214.2,58,5
5446,106.4,64,67
5447,201.9,58,5
5448,99.3,46,30
5449,95.8,46,73
5450,113.5,43,63
5451,115.1,70,94
5452,309.1,46,73
5453,104.3,43,63
5454,218.5,58,87
5455,198.3,58,67
5456,117.0,40,49
5457,285.1,72,41
5458,90.5,46,73
5459,202.5,58,60
5460,204.6,58,79
5461,211.2,58,43
5462,183.6,58,87
5463,97.4,16,81
5464,307.1,46,4
5465,304.8,79,76
5466,201.7,58,82
5467,96.5,46,68
5468,109.3,46,66
5469,105.4,16,81
5470,191.7,58,81
5471,204.3,58,79
5472,193.2,58,86
5473,200.7,58,19
5474,90.6,64,67
5475,85.1,46,59
5476,314.9,72,41
5477,102.6,46,34
5478,215.1,58,31
5479,92.6,46,4
5480,303.7,70,94
5481,194.9,58,11
5482,102.8,90,17
5483,86.3,46,4
5484,205.9,58,38
5485,301.5,70,94
5486,99.9,64,67
5487,290.5,46,4
5488,201.4,58,19
5489,296.0,46,4
5490,91.4,46,4
5491,116.9,46,30
5492,101.2,46,7
5493,286.9,46,55
5494,310.8,46,68
5495,205.2,58,12
5496,200.3,58,67
5497,205.1,58,19
5498,107.1,93,88
5499,191.7,58,38
5500,194.8,58,32
5501,316.9,46,68
5502,109.1,79,76
5503,194.4,58,61
5504,306.6,43,63
5505,100.9,46,55
5506,315.6,46,4
5507,96.2,82,40
5508,97.5,64,67
5509,295.6,72,41
5510,115.4,43,63
5511,301.8,70,94
5512,92.8,40,49
5513,221.4,58,12
5514,104.8,40,49
5515,299.5,70,94
5516,290.9,46,66
5517,304.4,40,49
5518,103.9,46,66
5519,313.2,46,59
5520,279.6,46,7
5521,209.3,58,86
5522,209.6,58,31
5523,89.9,46,7
5524,219.2,58,19
5525,309.2,16,81
5526,310.7,84,18
5527,211.6,58,81
5528,189.1,58,45
5529,197.3,58,60
5530,297.6,46,34
5531,296.2,46,66
5532,114.8,79,76
5533,305.3,46,30
5534,96.6,46,73
5535,95.7,46,73
5536,201.3,58,66
5537,95.9,64,67
5538,99.7,46,55
5539,193.4,58,79
5540,309.3,40,49
5541,196.0,58,81
5542,189.3,58,11
5543,300.9,46,68
5544,203.2,58,82
5545,188.1,58,19
5546,306.2,72,41
5547,301.4,46,73
5548,291.4,46,66
5549,290.6,64,67
5550,303.4,90,17
5551,92.4,46,66
5552,85.8,16,81
5553,312.1,46,59
5554,285.5,46,66
5555,186.0,58,38
5556,304.8,46,7
5557,91.1,84,18
5558,92.6,46,7
5559,303.3,82,40
5560,107.0,46,34
5561,287.2,46,30
5562,288.2,40,49
5563,192.5,58,19
5564,99.7,46,55
5565,285.1,46,30
5566,99.4,46,4
5567,98.5,40,49
5568,213.0,58,38
5569,81.1,46,4
5570,195.7,58,27
5571,210.4,58,54
5572,309.1,84,18
5573,308.9,46,66
5574,310.4,90,17
5575,291.6,90,17
5576,299.6,72,41
5577,300.4,46,59
5578,205.9,58,38
5579,86.3,46,73
5580,100.5,46,4
5581,84.2,43,63
5582,329.5,90,17
5583,299.8,46,68
5584,95.0,90,17
5585,206.7,58,11
5586,320.9,46,30
5587,193.9,58,67
5588,106.7,46,73
5589,190.2,58,86
5590,317.4,46,59
5591,187.9,58,31
5592,196.9,58,81
5593,98.0,64,67
5594,110.2,46,68
5595,195.1,58,12
5596,298.6,46,73
5597,101.6,93,88
5598,191.5,58,27
5599,192.6,58,81
5600,110.1,79,76
5601,289.3,46,73
5602,213.4,58,81
5603,300.9,46,59
5604,280.9,46,30
5605,190.8,58,45
5606,299.9,46,30
5607,76.3,46,7
5608,303.7,46,73
5609,103.1,46,59
5610,321.9,79,76
5611,105.1,40,49
5612,102.2,46,30
5613,220.4,58,45
5614,193.2,58,60
5615,195.3,58,38
5616,94.6,64,67
5617,301.2,43,63
5618,221.1,58,32
5619,200.4,58,45
5620,99.9,93,88
5621,208.1,58,45
5622,198.4,58,79
5623,202.2,58,86
5624,84.3,46,59
5625,200.8,58,43
5626,188.5,58,5
5627,206.6,58,32
5628,83.7,46,34
5629,95.0,84,18
5630,92.6,64,67
5631,301.8,16,81
5632,303.0,16,81
5633,103.6,40,49
5634,101.7,43,63
5635,217.5,58,61
5636,187.7,58,87
5637,301.4,46,66
5638,106.8,43,63
5639,189.2,58,19
5640,192.7,58,11
5641,324.4,46,34
5642,111.4,46,59
5643,99.7,46,34
5644,195.5,58,11
5645,290.9,46,66
5646,95.3,16,81
5647,111.8,46,73
5648,104.8,43,63
5649,296.0,64,67
5650,216.5,58,87
5651,204.5,58,81
5652,203.9,58,54
5653,293.7,70,94
5654,298.9,46,30
5655,117.7,43,63
5656,204.1,58,61
5657,98.1,46,66
5658,298.4,46,30
5659,86.5,16,81
5660,197.3,58,86
5661,99.0,46,68
5662,100.6,90,17
5663,90.8,46,73
5664,206.6,58,61
5665,126.0,90,17
5666,98.2,40,49
5667,188.3,58,66
5668,292.7,46,59
5669,123.6,43,63
5670,295.9,40,49
5671,99.3,46,7
5672,97.2,46,68
5673,298.4,16,81
5674,99.7,46,55
5675,196.0,58,27
5676,91.1,82,40
5677,89.4,46,30
5678,101.5,64,67
5679,315.7,46,4
5680,193.2,58,43
5681,113.1,70,94
5682,291.4,46,4
5683,96.1,79,76
5684,202.1,58,45
5685,203.0,58,45
5686,205.2,58,5
5687,187.8,58,38
5688,324.7,46,30
5689,185.7,58,31
5690,310.9,84,18
5691,100.5,40,49
5692,217.7,58,67
5693,206.8,58,67
5694,212.1,58,67
5695,301.8,46,34
5696,294.5,72,41
5697,104.2,43,63
5698,102.0,46,30
5699,303.0,72,41
5700,194.5,58,45
5701,105.7,46,55
5702,89.5,72,41
5703,290.6,93,88
5704,309.1,46,59
5705,99.5,46,34
5706,98.6,46,4
5707,301.2,46,59
5708,197.5,58,61
5709,199.9,58,87
5710,203.6,58,12
5711,108.4,72,41
5712,306.3,46,73
5713,107.2,46,59
5714,99.3,16,81
5715,295.4,72,41
5716,111.7,46,73
5717,302.5,16,81
5718,98.5,46,4
5719,283.6,82,40
5720,90.1,72,41
5721,200.6,58,45
5722,297.9,46,34
5723,298.2,72,41
5724,95.4,93,88
5725,287.7,84,18
5726,102.1,90,17
5727,308.8,46,30
5728,298.6,46,59
5729,195.3,58,60
5730,99.0,46,66
5731,189.6,58,12
5732,100.9,46,30
5733,199.3,58,79
5734,190.5,58,82
5735,295.7,46,30
5736,299.1,46,66
5737,210.2,58,12
5738,206.5,58,82
5739,297.0,46,7
5740,96.2,40,49
5741,100.9,46,4
5742,211.5,58,86
5743,99.3,43,63
5744,212.3,58,32
5745,87.5,46,30
5746,304.3,84,18
5747,101.1,84,18
5748,91.4,46,68
5749,227.2,58,67
5750,99.0,46,4
5751,99.5,70,94
5752,186.8,58,81
5753,196.3,58,81
5754,112.2,82,40
5755,190.7,58,45
5756,99.5,46,30
5757,101.8,46,34
5758,186.5,58,27
5759,120.9,46,7
5760,93.6,43,63
5761,280.0,93,88
5762,95.2,46,30
5763,82.8,46,30
5764,291.8,46,68
5765,116.4,93,88
5766,90.3,70,94
5767,328.5,46,55
5768,304.8,46,73
5769,94.4,64,67
5770,193.8,58,66
5771,208.6,58,86
5772,295.7,64,67
5773,299.7,93,88
5774,112.9,46,73
5775,198.2,58,82
5776,191.0,58,82
5777,317.6,93,88
5778,194.0,58,38
5779,195.4,58,67
5780,206.6,58,11
5781,292.5,40,49
5782,296.3,90,17
5783,102.2,79,76
5784,194.9,58,45
5785,303.0,46,59
5786,99.1,46,66
5787,306.0,84,18
5788,102.0,93,88
5789,220.6,58,5
5790,283.2,46,55
5791,216.7,58,11
5792,97.0,46,30
5793,118.9,40,49
5794,215.6,58,32
5795,288.4,46,55
5796,106.9,46,73
5797,110.8,90,17
5798,112.2,46,55
5799,308.0,90,17
5800,294.3,40,49
5801,303.2,84,18
5802,209.3,58,54
5803,106.2,70,94
5804,204.4,58,87
5805,110.7,40,49
5806,284.0,46,59
5807,312.9,16,81
5808,180.6,58,12
5809,208.1,58,31
5810,205.3,58,45
5811,94.1,84,18
5812,299.7,46,30
5813,194.5,58,19
5814,332.0,79,76
5815,102.0,40,49
5816,195.2,58,66
5817,194.9,58,11
5818,90.1,72,41
5819,305.3,82,40
5820,92.2,70,94
5821,101.3,16,81
5822,192.8,58,11
5823,202.8,58,87
5824,285.9,82,40
5825,194.2,58,66
5826,302.6,70,94
5827,89.8,46,59
5828,200.3,58,31
5829,294.3,46,7
5830,205.8,58,54
5831,304.3,46,68
5832,300.3,46,7
5833,178.1,58,82
5834,313.6,40,49
5835,200.2,58,31
5836,302.7,46,66
5837,196.7,58,38
5838,101.0,46,7
5839,219.7,58,60
5840,180.9,58,27
5841,98.8,46,30
5842,204.8,58,87
5843,112.8,93,88
5844,88.2,46,73
5845,289.3,43,63
5846,306.5,72,41
5847,286.6,90,17
5848,204.8,58,67
5849,206.9,58,81
5850,191.8,58,5
5851,289.2,46,34
5852,309.6,84,18
5853,281.3,46,68
5854,191.6,58,54
5855,300.7,46,55
5856,308.6,46,34
5857,294.8,46,59
5858,208.3,58,5
5859,100.0,82,40
5860,192.3,58,87
5861,294.5,82,40
5862,84.2,46,68
5863,86.1,16,81
5864,187.2,58,43
5865,305.9,72,41
5866,105.8,93,88
5867,295.4,46,55
5868,190.1,58,54
5869,305.1,79,76
5870,108.1,46,68
5871,211.4,58,5
5872,313.6,46,55
5873,202.8,58,5
5874,189.9,58,79
5875,204.4,58,86
5876,297.8,46,68
5877,201.6,58,87
5878,294.9,82,40
5879,89.7,46,73
5880,182.7,58,61
5881,313.1,46,66
5882,110.7,84,18
5883,215.9,58,11
5884,311.6,16,81
5885,190.8,58,61
5886,307.8,82,40
5887,106.8,46,34
5888,190.0,58,87
5889,105.7,46,55
5890,98.0,84,18
5891,211.4,58,81
5892,223.2,58,31
5893,214.1,58,81
5894,216.4,58,67
5895,290.3,72,41
5896,118.0,46,59
5897,199.7,58,19
5898,201.0,58,67
5899,184.1,58,12
5900,96.6,70,94
5901,311.6,46,59
5902,296.8,46,34
5903,109.5,90,17
5904,305.3,43,63
5905,95.7,43,63
5906,291.5,93,88
5907,203.1,58,38
5908,122.1,64,67
5909,96.3,72,41
5910,121.6,40,49
5911,304.8,79,76
5912,97.9,84,18
5913,298.6,46,4
5914,291.8,46,59
5915,311.3,46,59
5916,207.8,58,67
5917,94.0,46,68
5918,85.4,46,4
5919,299.5,46,55
5920,213.7,58,11
5921,290.4,46,68
5922,92.7,46,59
5923,203.6,58,82
5924,107.0,43,63
5925,107.8,46,59
5926,93.2,46,4
5927,187.3,58,60
5928,94.4,93,88
5929,114.7,93,88
5930,193.7,58,38
5931,103.4,64,67
5932,86.7,16,81
5933,194.9,58,32
5934,98.2,64,67
5935,312.7,46,59
5936,208.3,58,19
5937,302.4,46,66
5938,299.0,93,88
5939,199.3,58,27
5940,190.2,58,86
5941,286.2,43,63
5942,301.0,46,4
5943,83.2,90,17
5944,295.7,46,68
5945,185.3,58,82
5946,285.8,46,55
5947,301.9,40,49
5948,179.6,58,82
5949,207.2,58,54
5950,88.0,90,17
5951,305.1,16,81
5952,108.1,46,66
5953,204.5,58,79
5954,292.2,46,34
5955,104.6,46,68
5956,203.1,58,12
5957,312.3,43,63
5958,306.8,79,76
5959,314.2,46,7
5960,92.9,64,67
5961,302.7,46,55
5962,110.1,16,81
5963,277.0,93,88
5964,318.3,90,17
5965,191.4,58,86
5966,187.7,58,66
5967,102.3,64,67
5968,311.8,46,66
5969,97.7,46,55
5970,100.2,72,41
5971,99.5,93,88
5972,204.0,58,45
5973,113.1,72,41
5974,103.7,46,66
5975,99.2,72,41
5976,191.3,58,87
5977,289.3,46,59
5978,186.9,58,38
5979,303.7,93,88
5980,281.1,70,94
5981,114.0,16,81
5982,185.8,58,86
5983,207.3,58,86
5984,90.8,16,81
5985,215.7,58,81
5986,298.5,64,67
5987,277.8,46,66
5988,104.5,90,17
5989,288.6,79,76
5990,192.5,58,81
5991,101.8,43,63
5992,298.5,43,63
5993,95.0,46,4
5994,189.6,58,19
5995,308.0,40,49
5996,284.8,84,18
5997,305.0,43,63
5998,116.2,70,94
5999,301.9,46,30
6000,107.8,70,94
